#NAME;Peak_366_151.03313_60.77_n.a.;Peak_1606_241.99908_60.98_n.a.;Peak_1601_218.98167_61.22_n.a.;Peak_1604_182.95986_61.23_n.a.;Peak_1613_169.98359_67.8_n.a.;Peak_1614_162.01821_67.68_n.a.;Peak_1625_Hydroxyphenylglycine ?;Peak_380_143.07916_69.46_n.a.;Peak_1624_Methylated aminoacid derivative;Peak_1632_179.00245_69.58_n.a.;Peak_1640_140.03628_69.5_n.a.;Peak_1645_Methyl-isoleucine ?;Peak_1668_184.0651_69.63_n.a.;Peak_1619_Hydroxyphenylglycine ?;Peak_1626_Alanylproline;Peak_1634_162.11089_69.35_n.a.;Peak_1638_Cyclo-(Pro-Gly) ?;Peak_1659_144.09935_70.83_n.a.;Peak_1660_190.10454_70.07_n.a.;Peak_1648_176.12525_71.18_n.a.;Peak_1649_200.11988_71.6_n.a.;Peak_1653_212.10215_71.84_n.a.;Peak_1679_Cysteinyl-Glycine ?;Peak_1680_170.11511_71.61_n.a.;Peak_1698_174.11287_71.3_n.a.;Peak_1664_185.08854_71.26_n.a.;Peak_1666_204.12147_71.58_n.a.;Peak_1654_199.10465_72.11_n.a.;Peak_1713_201.08432_75.17_n.a.;Peak_402_Glycyl-Lysine (Gly-Lys);Peak_1717_Rhodosamine;Peak_1716_199.10457_89.13_n.a.;Peak_1731_268.1032_89.91_n.a.;Peak_1735_154.05885_89.32_n.a.;Peak_1752_C12H21N2O3;Peak_1757_201.08427_103.37_n.a;Peak_413_254.16062_105.79_n.a.;Peak_1769_160.07509_115.28_n.a.;Peak_418_177.09981_123.6_n.a.;Peak_1779_166.08435_140.44_n.a.;Peak_1839_Xanthurenic acid;Peak_454_C5H6N2O2 Thymine ?;Peak_1849_Imidazole derivative;Peak_1850_247.14195_304.15_n.a.;Peak_503_234.99398_365.57_n.a.;Peak_513_173.10377_382.22_n.a.;Peak_553_205.07665_434.84_n.a.;Peak_1884_Aphrocallistin derivative;Peak_655_328.13833_505.28_n.a.;Peak_677_Aphrocallistin derivative;Peak_1888_Aphrocallistin;Peak_1890_Aphrocallistin;Peak_701_179.02513_565.88_n.a.;Peak_710_209.11453_575.28_n.a.;Peak_788_209.11475_663.55_n.a.;Peak_847_230.24538_748.61_n.a.;Peak_885_258.2772_838.75_n.a.;Peak_1991_Lyso-PC(C20:5);Peak_2022_Lyso-PC(C20:4)**;Peak_2025_280.26107_901.53_n.a.;Peak_912_286.3087_924.94_n.a.;Peak_916_226.2135_931.49_n.a.;Peak_2054_Lyso-PC(C16:0);Peak_2071_522.35108_967.83_n.a.;Peak_2083_482.35506_987.63_n.a.;Peak_954_278.24578_1015.91_n.a.;Peak_2100_228.22982_1015.27_n.a.;Peak_2106_Lyso-PC(O-C17:0) NO6P;Peak_2112_Palmitoleamide;Peak_2120_254.24524_1060_n.a.;Peak_2127_Lyso-PC(O-C18:0) NO6P;Peak_2126_Lyso-PC(C18:0);Peak_2131_242.2454_1074.03_n.a.;Peak_1019_165.16176_1078.78_n.a.;Peak_1021_179.17593_1078.79_n.a.;Peak_2132_280.26335_1078.77_n.a.;Peak_2147_280.26224_1092.33_n.a.;Peak_1038_268.26225_1098.97_n.a.;Peak_1039_269.26482_1099.24_n.a.;Peak_2156_280.26179_1102.9_n.a.;Peak_2169_256.26104_1118.22_n.a.;Peak_2180_256.26355_1129.93_n.a.;Peak_1059_257.26346_1131.3_n.a.;Peak_1062_681.4495_1135.36_n.a.;Peak_1063_268.26181_1137.12_n.a.;Peak_2193_593.39834_1142.55_n.a.;Peak_2202_549.37115_1145.7_n.a.;Peak_2203_505.34513_1148.11_n.a.;Peak_1083_248.24319_1149.83_n.a.;Peak_2213_563.55152_1150.38_n.a.;Peak_1096_212.1974_1150.74_n.a.;Peak_1101_283.2835_1150.83_n.a.;Peak_1104_285.28632_1151_n.a.;Peak_2225_Oleamide;Peak_2232_270.27801_1167.37_n.a.;Peak_1122_308.2922_1174.1_n.a.;Peak_2244_270.27745_1183.18_n.a.;Peak_1142_694.44723_1198.07_n.a.;Peak_1147_296.29296_1199.34_n.a.;Peak_1149_297.29503_1199.71_n.a.;Peak_1214_284.29457_1233.12_n.a.;Peak_1221_837.58678_1236.88_n.a.;Peak_1223_793.56_1240.39_n.a.;Peak_1233_749.53318_1243.69_n.a.;Peak_2323_310.31029_1243.8_n.a.;Peak_1245_705.50761_1246.95_n.a.;Peak_1248_661.48128_1250.2_n.a.;Peak_1255_617.45706_1253.47_n.a.;Peak_1257_573.42982_1256.36_n.a.;Peak_2336_310.30884_1256.43_n.a.;Peak_2343_529.40283_1259.39_n.a.;Peak_2348_485.37577_1262.03_n.a.;Peak_1397_598.8996_1305.8_n.a.;Peak_1477_821.591_1327.95_n.a.;Peak_1484_777.56465_1330.88_n.a.;Peak_1485_778.56682_1330.9_n.a.;Peak_1489_733.54019_1333.77_n.a.;Peak_2505_689.51418_1336.65_n.a.;Peak_1494_640.53264_1339.57_n.a.;Peak_2519_645.48851_1339.54_n.a.;Peak_2518_646.49167_1340.12_n.a.;Peak_2524_601.46238_1342.59_n.a.;Peak_1498_557.43608_1345.13_n.a.;Peak_2539_513.40891_1347.58_n.a.;Peak_1499_469.38106_1349.61_n.a.
CAO_405;0.764084284;0.842476201;0.947999333;0.809808612;0.84072736;-1.21179443;-0.57536892;-0.16236799;0.04993226;-0.28892141;-1.35403188;-0.88654996;0.66980515;-1.05018152;0.121193726;-0.009298541;0.56539292;-0.51203329;-0.151764931;0.131698414;0.25126039;0.564526738;-0.7881091;0.551871884;0.55102924;0.63349342;-0.14712968;0.941294863;-0.64679006;-0.7143676;0.53728779;-1.20818777;-2.60926973;-0.34490351;-0.448270387;-0.406251;0.7140953;-0.351619;-0.289283628;-0.08478104;-0.48812062;-0.1025103;-0.39950166;-0.08806312;-0.4083475;-0.029058685;-0.22867872;-0.495766871;-0.29400552;-0.59675149;-0.755878;-0.83518601;-0.12831503;0.963706989;0.817277395;0.43638912;0.467788331;1.31413443;1.1374392;-0.56509313;0.739332895;0.35704041;1.37206335;1.16733124;-0.09299863;0.279469956;0.200262161;-1.2985756;0.310745496;-0.197011181;-0.5112101;1.516894425;0.34115259;0.12968069;0.582261104;0.1068144;0.241490322;0.29380576;0.25538694;-0.551402439;-0.02014153;0.00845248;0.08427601;-0.32003495;-0.25357537;0.673036984;0.56774835;0.62771245;0.567448858;0.165138725;0.390990779;0.068343371;0.328441393;-0.045037773;0.32379335;-0.01900532;0.147240569;0.34338371;0.258828012;0.554183248;0.101979754;0.211660287;0.70091924;0.597991973;0.127639301;0.41439548;0.686160607;0.39048664;0.50460393;0.25174405;0.68374472;0.68419076;0.423978235;0.379704162;0.493372704;0.716633679;0.554084296;0.600387712;0.515906649;0.579386293;0.55773903;0.621164083;0.57158049;0.501044032;0.6413365
CAO_406;0.476625345;0.602754039;0.553690819;0.599471551;0.70535104;-1.40298251;-0.7697476;0.90733367;-1.3241859;0.53090442;-1.55066394;0.57995277;-1.07202619;-1.21988959;-0.315402523;0.31447478;-0.68891948;0.69888955;0.294526961;-0.006712212;0.08607369;-0.521750282;-0.95669302;0.772635241;-0.08309869;0.03719452;-0.37648932;0.436634945;0.27920608;-0.2639964;-0.80023629;-0.69461148;0.02587096;0.67845897;-0.274731311;1.000625;-1.5380967;-0.5342002;-0.475208799;-0.13385836;-0.65749001;-1.0283669;-0.59429741;-0.60455986;0.956285;-0.928430255;-0.73484643;0.621556474;0.76366295;1.02403888;1.3297422;1.45111387;-2.13455082;-0.950004863;-1.206084526;-0.36276095;-0.530850524;0.66154457;0.5617077;0.01868543;-0.419863034;0.43276258;0.18674129;0.11464762;0.25190808;0.498933967;0.356324905;0.1593606;0.470520982;0.272952636;-0.6994507;1.177292177;0.44468847;0.21936002;0.182767604;0.25163866;0.210850151;0.42910654;0.2555983;-0.37946329;0.49477477;0.098765765;0.26966122;0.05790133;0.35120467;0.031294975;0.04135051;0.07470616;0.258649349;0.420206451;-0.058577914;0.437594637;0.409017983;0.0969916;0.53336751;0.45321713;0.246478794;-1.77070394;0.579069432;0.593183732;0.156817444;0.244547739;-0.1727127;0.013971818;0.058713977;-0.02498867;-0.010087121;-0.02638206;-0.27879368;-0.04671333;0.11627507;0.198548995;0.301248912;-0.001009304;0.103141176;0.043572411;0.055681585;0.20578138;-0.119687452;0.148679949;0.17701773;0.124360294;0.16130804;0.093841761;0.17469674
CAO_408;0.621150291;0.790658197;0.711719611;0.364195883;0.76587163;0.2538357;-0.71995296;-1.7857769;0.5800196;-0.24782035;0.13837644;0.12631056;0.79788287;0.65346224;-0.034249573;0.072383554;0.60158576;-0.16249266;0.289849304;0.726157891;0.14486135;0.95424378;-0.91350652;0.619888019;0.67375393;0.68011829;-0.06611849;1.194228437;-0.78753582;-0.8392162;0.64016454;0.05292718;-0.21246723;-0.49619395;-0.338580112;-0.5443829;0.6469212;-0.4874299;-0.42758214;1.1497496;-0.61410259;0.3340595;1.20314054;1.02857067;-0.543459;-0.298063741;-0.3210861;-0.628705174;-0.43559797;-0.722612;-0.8741344;-0.9544595;-0.84039219;-0.104356093;0.064421362;-0.85364879;-1.151854654;1.15713669;1.03753609;-0.5339812;-1.554380304;0.45591337;1.36077559;0.92469369;-0.00400461;-0.615414289;0.178694227;0.2772555;0.034654814;0.347613263;1.206783;1.455404235;0.09045866;-0.14508971;0.285894153;0.41777324;0.029070071;0.2324855;0.04384119;-0.118253828;0.27414941;0.177721442;0.11898812;0.45816243;0.39691655;0.339456798;0.37703223;0.45315207;0.280748676;0.259843863;0.202920174;0.213359138;0.275955044;0.241385283;0.23105741;0.07691802;0.262893168;0.29425187;0.109452302;0.055897155;-0.012624058;0.166396007;0.36507608;0.455445007;-0.111858675;0.42592685;0.36539776;0.49443695;0.47141895;-0.20035158;0.32978255;0.354790338;0.124469853;0.557572543;0.312380787;0.277872096;0.190310616;0.422620885;0.084480535;0.422231892;0.37235672;0.290433822;0.3533675;0.230300248;0.32138903
CAO_410;0.593513472;0.227397384;0.209263659;0.436896202;0.82045325;-1.40544381;1.421727;0.73675778;-1.32678694;1.15251685;-1.55319532;0.78460724;-1.0751346;0.96487532;-0.16838881;0.557173031;-0.14615205;1.12716298;0.39639549;0.17907533;0.20734471;-1.435273235;-0.95886331;0.964234384;0.44971641;0.56544094;0.12760466;0.890594329;-0.8384443;1.1899584;0.4078526;-0.50831122;-0.50339827;-0.55091558;-0.497382096;-0.594346;-0.8950405;-0.5365505;-0.477602171;1.04092675;-0.65967039;-1.0306158;-0.59680509;-0.02929168;-0.5923289;0.133334439;0.14145551;-0.676789572;-0.48681058;0.40592081;-0.9169083;-0.99759989;-0.36835397;0.831637303;1.018432861;-0.66813261;-0.849852279;1.09909624;1.36434829;0.24697014;-1.608091997;-0.22394779;1.50004453;1.41837743;0.50611688;0.050166227;-0.055718366;0.5037733;-0.136336953;0.350705319;-0.7018741;0.553431338;-0.14518261;0.31463471;-0.025483345;-0.03191714;-0.242754858;0.08475351;0.12807597;0.194543093;0.01462017;0.267135242;0.19691651;0.76063025;0.1093477;0.439211011;0.22580822;0.50000289;0.12881077;-0.110134208;0.275186257;0.340128662;0.080461909;0.369082786;0.06300948;0.05019176;0.072217379;0.39105357;-0.064472368;-0.147172475;0.290918957;0.257570026;0.47996987;0.46203085;-0.021416912;0.57437893;0.484817824;0.2680773;0.21839919;0.21293203;0.49532908;0.546870828;0.376948204;0.28796716;-0.103754259;0.623749413;0.344013572;0.359793897;0.280142047;0.321908049;0.42145684;0.301406074;0.34704278;0.277233049;0.43002061
CAO_411;0.633660317;0.65635738;0.646997209;0.565166046;0.81211805;-1.23894729;-0.60297491;-0.19439816;-1.15083845;0.48069458;-1.38195797;0.51721026;-0.86486491;-1.07428513;0.087632392;0.371854004;-0.30962647;0.84700108;0.250401587;-0.682886647;-0.03545165;-1.263210469;-0.81205178;0.411503061;0.093356;-1.51564159;0.01418679;0.769989161;-0.67366323;-0.7382061;-1.25385551;-0.56340533;-0.64048585;-0.37379024;-1.61059649;-0.4326251;-1.3721602;-0.3775506;-0.315690302;-0.07805597;-0.51217501;-0.8784777;-0.42716735;0.72857947;-0.434145;-0.394050723;-0.26851351;-0.521149355;-0.32104085;-0.62078331;-0.7784572;-0.85795974;-1.94723119;0.682735198;0.490875868;0.78344082;0.874897066;0.08587126;1.07527858;0.68014559;1.043598593;0.21128715;0.45877838;0.36115831;0.54167718;0.241556196;0.361541918;0.3017938;0.154046766;-0.165351198;0.4545007;0.666909116;0.22644752;0.28618872;0.010853572;0.38087558;0.242016924;0.30911576;0.3128951;-0.438524792;0.44933617;0.282458853;0.24802942;0.51326557;0.26228085;0.553004385;0.18404549;0.55206486;0.27558142;0.265499341;0.23959952;0.312175225;0.106914747;0.049232369;0.1950776;-0.04207769;0.226393387;0.60862913;0.279824034;0.213610904;0.078434724;0.31619629;0.56828775;0.608731804;-0.051018199;0.46695766;0.031215878;0.4323873;0.47433003;-0.20434592;0.30089346;0.676602128;0.000723081;0.265009009;0.576734705;0.525290529;0.250149002;0.602310849;-0.14941525;0.607808837;0.64002577;0.471552972;0.48417682;0.490592951;0.41329461
CAO_412;0.369943402;0.52806205;0.727723064;0.913461096;0.53501157;-0.72025429;-0.71021061;0.1057547;-1.26230171;0.40167573;-1.49043691;0.66097842;-0.99807062;-1.16791196;-0.564946997;0.138210135;0.12848867;0.67042542;-0.063873048;-0.269567581;-0.09675438;-0.459271184;-0.90505704;0.609151396;0.57477901;0.8322037;-0.38494925;1.034088848;-0.77805213;0.2832131;0.42382829;0.34344106;-0.69144462;-0.48599984;-0.306677301;-0.5350753;-1.4788587;-0.4782791;-0.418263722;-0.46420834;-0.60561377;0.3454426;-0.53463366;-1.20986064;-0.534355;0.295410606;-0.11256335;-0.619747572;-0.42605747;-0.71413167;-0.8661661;-0.08890644;-2.06767936;0.507892204;0.517843106;-0.8595423;-0.425790712;0.69107871;1.04837567;0.45567495;-0.892573938;0.29918467;0.38238043;0.44682457;0.37698776;0.422874946;0.398638019;0.2098266;0.287012458;0.507576509;-0.6417939;0.808303952;0.22565901;0.20284098;0.429909653;0.29908234;0.030021752;0.19696742;0.10083567;0.286379101;0.1487803;0.352063709;0.21380087;-0.02529312;0.42315542;0.204494745;0.10200258;0.05904469;0.007244903;0.168802343;0.246401676;0.089418424;0.280168128;0.422125918;0.17512404;0.22711997;0.321091544;0.30958648;0.186047778;0.188104631;0.267854031;0.188915985;-0.03059907;0.28552365;0.017258176;0.12571759;0.095471386;-0.23961962;0.23944182;0.23955971;0.26886264;-0.257243275;-0.016010521;-0.039742115;0.195351072;0.025778063;0.159491064;0.086609416;0.177351225;0.158803393;0.15012253;0.071331549;0.11366978;0.201891056;0.25071405
CAO_413;0.894690809;1.052720946;1.023735486;0.618170754;0.16378423;-1.25978223;-0.62415754;-1.67823529;-0.08715123;-1.1917449;-1.40338621;-0.98329224;0.61737963;-1.09278009;-0.657763498;-0.257342911;0.52030813;-0.32913042;-1.684570696;-0.121143401;-0.15578911;0.469091937;-0.83042347;0.164164371;0.45616517;0.54241878;-0.37819493;-0.876140641;-0.69428356;-0.7564976;-0.52099957;-0.2725192;-2.66600519;-0.39595554;-1.631492183;-0.4528625;0.2480964;-0.3974483;-0.335952468;-0.08059117;-0.5306324;-0.8975168;-0.44839572;-1.12326957;-0.45394;-0.907143821;-0.53163317;-0.540625838;-0.34178547;-0.6392232;-0.7957827;-0.87543438;-1.97102388;0.209765091;0.403088212;0.9940988;0.913230019;0.69929865;0.61785181;0.47041689;1.126651991;0.35922544;0.10231684;-0.0082223;-0.38265651;0.42462371;0.431465674;-1.343777;0.378259719;0.030331461;-0.5584581;0.933547509;0.33614164;0.31589288;0.877574577;0.33152371;0.225009864;0.39117927;0.47892026;-0.049319253;0.51181742;0.039534643;0.17351338;0.36649206;0.24382679;0.564062569;0.52850703;0.52843862;0.572689035;-0.037103819;0.371338706;0.216668463;0.055762373;0.032198934;0.41489783;0.54499624;0.443202374;-1.53490018;0.278034021;-0.039448048;-0.004508023;0.518059889;0.47190723;0.616242751;-0.060847123;0.51961284;0.576501784;0.48758157;0.46822206;-0.20307712;0.83650183;0.308308037;0.546373807;0.554630963;0.53261449;0.207466891;0.450107881;0.532815917;0.480020219;0.520667706;0.34431402;0.507058402;0.44895514;0.431663195;0.58211491
CAO_414;-0.28224139;-0.016534834;-0.33369858;-0.203540592;0.42594868;0.97382641;-0.84973434;-0.20194668;0.01508113;-0.82621297;0.43450122;-1.98284073;0.79745343;-1.28971415;-0.557564752;-1.013386727;-0.06621271;-0.58938993;-0.656586107;-2.390645543;0.63869145;0.172622669;1.37777163;-2.297412224;0.11346107;0.23041062;-0.49377046;0.814862835;-0.91387104;-0.9512714;-1.49310305;0.58968743;-1.19171667;-0.63199053;0.353267232;-0.6683721;-0.1398394;-0.6093238;-0.551707564;0.09492602;2.89144452;-1.1002478;-0.6744523;0.06566043;-0.6647344;-0.047804695;-0.14238099;-0.748031986;-0.56268466;-0.83557327;-0.9802826;-1.06151508;0.30874022;-0.222592568;-0.113012495;-0.87962576;-0.654938099;-0.2955422;0.26762543;0.28625693;-1.687669156;0.17786244;-1.89825417;-0.65831617;-0.25764785;0.220913644;0.259553944;-1.5527672;0.153929156;0.592008024;-0.7769114;0.24245265;0.16438846;0.11558454;0.359347352;0.23956384;0.020806017;0.30196044;0.19572738;0.231401947;0.19578428;0.341540402;0.24835326;0.02755774;0.46772046;0.105749304;0.04444752;0.16212013;-0.031220966;0.260763155;-0.022768855;0.395241909;0.076660563;0.207280789;0.17791154;0.35363212;0.192987384;0.12018436;0.126392268;0.163395053;0.224238572;-0.111958958;0.16480392;0.221171191;0.005194251;0.10978308;0.283130922;-0.12998726;0.1985968;0.15155726;-0.09005066;0.227286852;0.172781936;0.396899044;0.237538339;0.088589399;0.146393809;0.211028609;0.423052942;0.16285238;0.052298;0.055994571;0.09753848;0.227029584;0.07635074
CAO_415;0.000108056;0.019866979;0.009706572;-0.071748731;-2.00589829;-1.47473343;0.77913607;-1.92356861;1.37879656;-0.26094032;-1.62445752;1.3061089;-1.16264127;0.9422882;-0.140427649;-0.580583612;-1.10911217;0.00981545;-1.978210391;-0.866275125;-0.15683595;0.731983496;-0.46958593;0.241968232;-0.69666476;1.1432936;-0.21717684;-1.086663032;-0.28928137;1.6890885;-1.48627963;0.73332697;0.5700124;-0.62462614;0.978587457;-0.6616479;2.1766712;-0.6027137;1.140849179;-0.40356209;-0.72105093;1.0928855;3.63278831;3.40991036;-0.6581575;-0.073808793;-0.37701203;-0.741560663;-0.55579281;-0.82944762;-0.974526;-1.05570946;-2.21648437;-0.041726838;0.301596104;-1.03064333;-0.675438527;-1.67419962;-1.71483059;-0.03303353;-0.389595656;-0.12054826;0.47886514;0.63750949;-0.1216714;0.198707925;0.017325072;1.4091846;-0.051025067;-0.073377133;2.6467121;-0.424980155;-0.0653133;0.0759669;-0.037578697;-0.03255866;-0.191370525;0.06747787;-0.02662589;-0.19067062;-0.32155628;-0.205740403;-0.12254883;0.21908879;-0.25802902;-0.096692825;-0.20611308;-0.09642441;-0.231937836;-0.049760771;-0.03557494;0.1361008;-0.02672043;-0.319553991;-0.09053084;-0.07026115;-0.154497264;0.33906881;-0.067910683;0.269566205;-0.22963776;-0.161542566;-0.10166377;-0.427633864;-0.399587191;-0.09177052;-0.023549295;-0.03537027;-0.18767141;-0.20485574;-0.03150017;-0.187793511;0.011134133;-0.009116947;0.016145816;-0.282333457;-0.143457791;-0.090411728;0.28796466;-0.124657462;-0.0951027;-0.105879426;-0.1094196;-0.127364548;-0.12014874
CAO_418;0.430151162;-0.084792349;0.100387249;0.086561652;-1.13509298;1.24305744;-0.77508941;-1.84767355;0.81387877;0.1806228;1.34650665;0.76655541;0.53295124;-1.22455298;0.607495689;-0.289831989;-1.6680463;-0.17546521;0.328010842;-0.519678674;-1.89903232;1.020347714;1.85578267;0.118831376;0.76375602;0.42405101;0.04751263;3.415161452;2.29434783;-0.8868236;-1.42073492;3.06958364;0.72591523;-0.55388662;1.735308453;-0.5970587;0.1655631;-0.5392174;-0.480317896;-0.45818978;-0.66214444;0.1826868;-0.59965053;-1.27514146;-0.5949822;-0.591532158;-0.85020732;-0.679400271;-0.48959108;-0.7706047;-0.9192307;-0.99994213;-1.42776982;-0.317108573;-0.146187053;0.16748887;0.096348309;-1.6082807;-1.64957379;-0.99441667;0.251261899;0.16237077;-0.31465774;-0.02178478;-0.61277057;0.136141386;-0.001312481;0.9152953;0.006359146;-0.12723411;1.2921769;-1.527573275;-0.0162108;0.24507106;0.051281274;0.12536288;-0.091720085;0.11472539;0.1441758;-0.277719126;0.45018176;0.023671267;-0.0771922;-0.15125013;0.24600644;0.094525923;0.02882792;0.05466295;0.390081288;0.169031898;0.422651065;0.167764524;0.221362353;-0.015427288;0.15948566;0.3263342;0.167294577;0.20685898;0.190910706;0.262730254;-0.309349742;-0.060909473;-0.21999083;-0.106487896;-0.314262753;0.07771355;-0.215315767;0.01454386;0.01071234;-0.76523679;-0.38670251;-0.287106014;0.178909519;0.158643286;0.05730057;-0.224450876;-0.174887273;-0.154162979;0.021744652;-0.120212186;-0.20569469;-0.042487786;-0.19893883;-0.191204782;-0.08474098
CAO_419;0.423127671;-0.173862331;-0.013751231;0.243305541;0.77440505;1.1868192;-0.68155723;0.08405612;-1.23251871;0.51393258;1.36467881;0.30980796;-0.96247804;-1.14289559;1.471548084;0.76053309;0.98373797;0.50253994;0.730409868;0.465280307;0.67971316;-1.343086934;2.17346724;0.115980057;-0.60006928;1.10327444;0.81113157;1.46639893;1.89482412;-0.8060624;1.04986584;0.9269955;0.75527385;-0.45601765;1.785680148;-0.5077007;1.2335036;-0.451365;-0.390856764;-0.1687647;0.3651179;-0.9491068;-0.5059189;-1.18102863;-0.507579;-0.526898576;-0.55852323;-0.593402181;-0.39799748;-0.68918962;-0.8427303;-0.92278579;-0.32823349;-0.321900225;-0.610182079;-0.64352697;-0.372993057;-1.51708253;-1.55929193;-0.71592025;-1.514945112;0.56157766;-1.71120313;-1.96093377;-1.55352136;0.430935511;0.408092682;-0.2829124;0.505171146;0.498274458;0.3359519;-1.429605038;0.33118709;0.4182608;0.324474534;0.30039803;0.020171072;0.37375315;0.34143969;0.178901367;0.48094099;0.033095073;0.14391558;0.64609106;0.25254573;0.654012515;0.64628142;0.61466404;0.477082034;0.306108576;0.187172544;0.176051449;0.341285236;-0.214161037;0.4653865;0.09292357;0.288835525;0.396001;0.47545217;0.271268531;0.037329346;0.369096637;0.54197468;0.472962853;-0.090163636;0.54610507;0.612201624;0.51343215;0.51549149;-0.19916627;0.06318795;0.647045658;0.467155596;0.630583286;0.488324197;0.292702837;0.574515627;0.444502631;0.290993363;0.367221418;0.47101407;0.405467426;0.41474164;0.4130401;0.30459515
CAO_421;0.038731692;0.438068193;0.078717821;0.464829983;-2.09537642;0.47234737;2.30129005;0.43708471;1.21377705;0.10039173;0.66849366;-0.18478284;1.83009745;2.02579679;0.871227299;0.405719802;0.11134961;0.30353004;0.470291776;1.315118819;1.07550134;0.806897271;2.27618052;0.865963836;1.75091255;1.03578214;1.24282342;-1.156154467;1.45919044;-1.0074845;1.92349654;0.72941102;0.67181782;-0.70011926;1.580660343;-0.7305793;0.6000072;-0.6704724;-0.613974861;-0.06820723;-0.78391632;-1.1587563;1.98563985;1.73823271;-0.7255785;-0.677779762;-0.52845003;-0.807899684;-0.6264405;-0.89223958;-1.0335385;-1.11522272;0.40627077;0.364820432;0.135047817;-1.15462599;-0.285615349;-1.74454962;-0.59154415;0.02523302;-1.754537357;-0.34584615;0.48550722;0.57921161;0.63615838;-0.902505023;-0.358747125;2.2437863;-0.164586492;-0.06994625;1.3980963;-0.403450769;-0.12765375;-0.40008445;-0.477851933;-0.32413819;0.022294787;-0.08771287;-0.21637014;0.008925818;-0.13329256;-0.184519867;-0.08631529;-0.39768293;-0.12800079;-0.207297805;-0.36504348;-0.22509909;-0.031374369;-0.284759368;-0.222852532;-0.025736675;-0.405581644;0.093687956;-0.18902635;-0.14576667;0.105699402;0.18233462;0.234396264;-0.197301623;-0.272114865;-0.366398768;-0.43513936;-0.263308278;-0.136264917;-0.54190942;-0.406784372;-0.5741464;-0.48377372;-0.05104174;-0.45804965;-0.445339558;0.148785078;-0.295238295;-0.326176135;-0.580260637;-0.481206595;-0.474644612;-0.518701371;-0.315169934;-0.4615142;-0.361620045;-0.42505653;-0.403510793;-0.47201138
CAO_422;0.315705991;0.386634676;0.124408253;0.006905961;-1.88730567;-1.38067408;2.2031319;-0.14274328;2.0222997;-0.54832967;-1.52772036;-0.22332869;0.73309515;2.20316692;0.726686869;0.308395209;-0.86517259;-0.03670221;0.725883033;0.141396674;0.40191916;-0.025086644;2.53256164;0.988242168;1.12694101;0.87400483;0.80621487;0.754022701;-0.81392984;0.3305543;-0.03148841;0.75871926;0.56321863;-0.52456502;1.343651155;-0.5702868;-1.5155299;-0.5128973;-0.453515823;-0.63319126;-0.63772773;0.2306045;0.06439428;-0.56161553;-0.5687961;-0.81706004;-0.95442144;-0.653635031;-0.46214986;0.06885508;-0.896311;-0.9768262;-0.31854421;0.42580055;0.498377926;0.67020799;0.618817618;-1.58095753;-0.97253846;-0.2857822;0.763224691;0.17316823;0.04970623;-0.22918489;-0.15322066;0.235226291;0.178671626;1.4870284;0.168443523;-0.334883433;0.838912;-1.498221664;0.10608766;0.10058009;-0.024392876;0.06108692;-0.046899499;0.13204981;0.24019265;-0.778386946;0.06853361;-0.246850707;-0.13879696;0.38756851;0.05624766;0.213376208;0.17188086;-0.14111349;0.31592503;0.162788061;0.359059001;0.057195835;-0.061517655;-0.33914398;0.39990761;0.32381254;0.296049439;0.56324671;0.450367778;0.229112512;0.003730461;0.447165511;0.2877205;0.524961701;-0.135156589;0.47534405;0.468493237;0.50743768;0.49439692;-0.41403845;0.38618207;0.382369558;0.314819314;-0.741163319;0.432365841;0.379902173;0.294007017;0.359289702;0.054993689;0.250886178;0.32889136;0.247457297;0.11157824;0.14196528;0.19404713
CAO_423;-0.315327655;-0.311440177;-0.204720196;-0.103930951;0.61997397;-1.48489846;0.6142273;-1.93517022;0.64933074;-0.1648545;-1.63491191;-1.98638696;0.27472961;0.97323251;2.074745487;0.172137951;1.68719435;-0.20450928;0.479480968;-0.148213509;0.92636734;-0.534566208;0.26603071;-0.254819593;0.4722578;0.34597665;0.84585223;-1.09661723;-0.91707984;-0.9541173;0.91316299;-1.50312001;-0.16064975;-0.63543956;1.498557088;-0.6715213;1.2267938;-0.6124196;3.339594438;1.78422066;-0.73005556;3.4849134;-0.67775551;-0.16764784;-0.6678147;-0.744053677;-0.55127281;-0.751062768;-0.56591238;-0.83844214;-0.9829787;-1.06423408;-0.38490982;0.477024599;0.150028931;-1.01809792;-0.452447485;0.50413341;0.02045263;-0.8490825;-1.691054422;-0.55240758;-0.67235954;0.87991801;-0.63188245;-0.066315386;-0.492403025;0.9610604;-0.525149208;-0.379858868;-0.7801036;-0.781494873;-0.57012415;-0.60124181;-0.445541658;-0.34965966;-0.573080646;-0.62933675;-0.56761605;-0.606483183;-0.34236086;-0.543250147;-0.54402981;0.58472235;-0.48758678;0.249044629;0.37762061;0.27334832;-0.383465944;-0.723967758;-0.704778241;-0.563181094;-0.4045656;-0.763443045;-0.52710212;-0.78653268;-0.658783526;0.56111086;-0.463709675;-0.387540918;-0.923443762;0.125463699;0.35472892;0.326606385;-0.809198521;0.37947209;0.373945745;0.46559728;0.38358087;-0.91988066;0.28001585;0.543502114;0.304230308;0.24730067;0.312804316;0.302964932;0.13062625;0.204414534;0.461793487;0.105545581;0.30268349;0.173834893;0.22144168;0.213026919;0.20534442
CAO_424;-0.177336811;-0.044425657;-0.042722701;-0.660670782;-2.0798994;0.17432819;0.47833108;-0.32739789;-1.46203497;-0.37714751;0.25837172;-0.46191291;0.7122873;0.90825525;0.484838975;-0.123824747;1.98384371;-0.74199804;1.733473989;1.647150604;-2.09464104;0.907276749;2.02968225;0.039273794;0.17694628;2.81196291;0.51875958;2.839695287;0.03099101;-0.9967109;2.44522843;2.5958383;0.37262903;-0.68706146;1.311086414;-0.7186563;0.7141503;-0.6587528;0.004950743;-1.82204311;-0.77304266;0.5318223;-0.72719465;0.30938314;-0.7139169;-1.019210385;-0.39049604;-0.796425102;-0.61422104;-0.88137913;-1.0233312;-1.10492905;-0.03566932;-0.327716777;-0.35366227;-1.12922231;-2.597279695;-0.169688;-1.77242805;-0.1051725;-1.741721324;-0.12492965;0.62224097;1.28216771;0.2585795;0.017320239;-0.428265573;1.0508687;-0.053895872;0.158120146;0.8271665;-0.893173713;-0.23717394;-0.44036905;-0.311729306;-0.17395131;-0.719632993;-0.04738866;0.16922188;-0.186288322;-0.20437812;-0.057749125;0.06940478;-0.10767124;-0.12572343;-0.09244067;-0.04916892;-0.13058657;-0.217513655;-0.321629457;-0.349220698;-0.042733996;0.070309829;-0.135918401;0.13574279;0.1221174;0.076272514;0.14828882;0.064616323;0.189130743;-0.196878649;-0.00174664;-0.31894565;-0.459792502;-0.313699961;-0.53479057;-0.295965078;-0.48114485;-0.30617394;-0.19456014;-0.13552211;-0.229280697;0.274545785;-0.581604122;-0.281231791;-0.134366176;-0.291906655;-0.251696735;-0.246731545;-0.322792213;-0.32045537;-0.183793619;-0.34584367;-0.399692189;-0.25121615
CAO_425;0.053340134;0.058393671;-0.219986116;-0.034968644;-1.87870561;0.5753778;2.52277889;0.19306767;0.89965067;0.41310309;0.49211111;-0.05324867;1.93030484;2.14143073;0.973426978;0.296938253;0.39256757;0.19677767;0.082510518;1.316730364;0.86998321;0.800055152;2.20384698;0.751070455;1.62559033;0.61863251;1.04650801;-0.987866963;1.34272914;-0.85664;1.82113927;-1.38320366;0.10438659;0.14672219;1.320357214;-0.5636615;0.2693804;-0.5063837;-0.44688294;-0.21840347;0.0545735;-1.001751;-0.56461896;-0.01489188;-0.5623158;-2.287094807;-3.00118177;-0.647258839;-0.45535884;-0.7401769;-0.890639;-0.33171666;-0.79841083;0.072730118;0.267554694;-0.66264446;-0.748096595;-1.57419579;-1.61583131;-0.19373267;-1.57510544;0.42454628;-1.07053363;-2.02212297;-2.35568147;0.36609947;0.210738099;0.4862235;0.334453405;-0.235771331;-0.6707705;-1.490957955;0.3227929;0.42241116;0.008395937;0.21350838;0.066736174;0.3621623;0.51083935;-0.16494118;0.33872718;0.022616398;0.03394003;0.38108002;0.43204014;-0.148796053;0.14073728;0.21269702;0.382460736;0.330341804;0.124459422;0.071300332;0.575448504;0.012018269;0.38055992;0.36605646;0.380659811;-0.55756819;0.234456642;0.439694252;0.00372004;-0.005407893;0.2304201;0.147147292;-0.212517094;0.3079341;0.318717132;0.24796359;0.19325821;-0.74561148;-0.04581019;-0.123826164;0.307447274;-0.00846462;0.090991075;0.068360531;0.133636189;0.069485598;0.127625295;0.13125747;0.10535213;0.146422845;0.07391344;-0.07162427;0.09083602
CAO_426;-0.534214418;-0.539713354;-0.324023568;-0.114102371;0.46755958;-1.59314929;0.70990393;0.16600831;0.53282983;-0.65401077;-0.44018123;-0.45885282;0.13433499;0.81838954;2.015083376;-0.234816537;1.58222278;-0.92919649;0.240727715;0.083811882;0.81016919;-1.629254134;-1.12437328;-0.567409918;0.52765949;-1.91292368;0.8664226;0.894571125;-1.02421381;-1.0491263;1.40062755;0.24164215;-3.06011217;-0.75059152;1.326071487;-0.776666;1.2588245;-0.7157701;3.233107652;0.81384229;-0.82594646;3.438665;-0.78803806;-0.49227695;-0.7706545;-0.652733558;-0.67705822;-0.852253026;-0.67367113;-0.93421622;-1.0729935;-1.15501013;-0.4607657;0.387551146;-0.097319019;-0.43272688;-0.142134893;-0.70463793;-1.83103706;-0.55524407;0.093585183;-0.1100511;-0.44030451;-0.24615236;-1.4020273;-0.744413975;-0.227468245;0.1240851;-0.09795542;-0.344676377;-0.2020336;-1.059809728;-0.37809125;-0.66785962;-0.332602042;-0.27209024;-0.292877293;-0.31087752;-0.20958839;-0.647559401;-0.10604136;-0.587505366;-0.31037285;0.46869723;-0.25677213;0.444329282;0.25591936;0.36581704;-0.450230767;-0.539218152;-0.380398685;-0.157279195;-0.171813111;-0.666766473;-0.25641662;-0.28149887;-0.342810907;0.19040018;-0.239323269;-0.105487389;-0.584725326;0.438868472;0.23112451;0.276729849;-0.517371445;0.37426093;0.381428855;0.52913889;0.25461364;-0.72969891;0.37872658;0.401671757;0.180402599;0.154869188;0.376604429;0.151955815;0.381485984;0.24177752;0.419261765;0.27061716;0.15137754;0.329622921;0.19611627;0.207760696;0.20144631
CAO_427;0.386515506;0.618673449;0.603967493;0.932722412;-1.77323162;0.42640444;1.03214671;-1.71295081;1.2407189;-0.47312345;0.63884631;1.67532896;0.26622134;1.18572945;0.177996088;0.073516364;-1.44926221;-0.05856006;-0.305772868;-2.145764635;-0.35833512;-1.31617487;0.42045556;0.140112266;-0.82256592;-1.57312851;0.176162;-0.905932454;-0.72438628;-0.7832004;-1.30437844;0.5263812;1.26958665;-0.42831362;0.934348069;-0.4824061;1.7816209;0.8346278;-0.365531966;1.06019485;-0.55757747;0.3733147;-0.47938598;0.19611028;-0.4828377;0.008575696;-0.15297154;-0.56905871;-0.37206941;-0.66614245;-0.8210754;-0.9009447;-0.11803029;-0.300440157;-0.253097994;-0.36271101;-0.387162982;-1.49126704;-1.53373586;0.23948616;-0.66041394;0.42414134;-1.68175538;-1.27032668;-2.25979303;0.543378596;0.691529548;0.424236;0.558564561;0.230091295;0.3854991;-1.401873307;0.6124882;0.5003507;0.637864135;0.38281665;0.337858814;0.49368483;0.33447302;-0.194071954;0.46768321;0.126421386;0.21182002;0.41942984;0.32859791;0.210576242;0.44197058;0.23824833;0.322211836;0.244402721;0.28641469;0.148999072;0.450989559;-0.271572541;0.53339562;0.40520579;0.503252592;-1.58498537;0.330179702;0.166843777;0.03619902;0.398292816;0.46904734;0.586982353;-0.254023543;0.29391792;0.397250226;0.31225878;0.38563138;-0.38402126;0.23124077;0.521295075;0.338602423;0.580320388;0.422713335;0.348490437;0.423039563;0.452291729;0.525980314;0.555180512;0.45997951;0.489001291;0.50852763;0.397300895;0.40499467
CAO_428;-0.582281956;-0.738406211;-0.621393691;-0.608909039;0.46936319;-1.51145342;0.68234491;-1.96547798;0.76492458;-0.55954406;-1.02028195;-2.0154318;0.31452192;0.93912499;2.125700898;-0.165587529;1.78923081;-0.82655168;0.442613189;0.214141705;0.86225223;0.385812715;0.28069229;-0.174858266;0.52417642;-1.82129661;0.77544514;1.103625099;-0.94336094;-0.9774257;1.32321075;0.67329941;-0.43074551;-0.66368813;1.383128459;-0.6973144;1.2157038;-0.6377744;3.173370905;1.2118721;-0.75357895;3.5223234;-0.70480965;0.24224108;-0.6930427;-0.506622016;-0.59642834;-0.775885863;-0.59234806;-0.86193851;-1.0050603;-1.08650331;-0.43700894;0.11015271;-0.283358271;0.29496459;0.487322032;-0.52288434;-1.75086566;-0.23948466;0.723734903;-0.53988269;-1.93194786;-0.23029363;-2.51340374;-0.984903578;-0.368921319;0.5871639;-0.332225074;-0.687054923;-0.806249;-0.467949669;-0.45419591;-0.25951888;-0.278439053;-0.54410698;-0.757689499;-0.33816942;-0.41782601;-0.551258056;-0.31838222;-0.711898955;-0.52271534;-0.54480677;-0.56486077;0.142546641;0.11544617;0.23404785;-0.459592904;-0.62671695;-0.544423474;-0.702400935;-0.29551602;-0.843029339;-0.44076547;0.00225008;-0.834121265;0.31638574;-0.446768819;-0.225684453;-0.69918336;0.184037899;0.07749891;0.237039808;-0.736633594;0.05485208;0.231456079;0.11753759;0.07579418;-0.6024362;0.13589322;0.176796763;-4.11612164;0.323846947;0.108721054;0.232272809;0.139890365;-0.003838217;0.375856128;-0.046990431;0.1737203;-0.03569031;0.09536051;-0.102800947;-0.10318425
CAO_429;0.24873905;0.029201326;0.222755048;-0.565334978;1.01029065;1.35588883;-0.55581627;0.35397514;-1.10182072;0.73245625;1.51243632;0.53928667;0.52416368;-1.03310932;1.531083455;0.479728062;1.06256981;0.41274609;0.993674336;0.731073757;0.79262093;-1.215275186;2.24971285;0.593066935;-1.704532;1.40406814;0.98754742;1.539751506;1.96966658;-0.6974832;0.74015886;1.14225379;1.22432414;-0.32444367;1.800858963;-0.3875709;0.8111851;-0.3332521;1.084958199;-0.0511131;-0.47108344;1.0350291;0.68233138;0.07800986;-0.3900757;-0.672095947;-0.81270168;-0.477789051;-0.27485692;-0.57973017;-0.7398857;-0.81905585;-0.96833944;1.20029758;1.165348645;-0.11873353;-0.860807909;-1.39447833;-1.4379199;0.22509521;-1.385796588;0.43410322;-1.57134827;-1.82957681;-2.14787907;0.278716505;0.325235226;-0.3224594;0.352644986;-0.114299254;-0.4922748;-1.297900579;0.1392347;0.3422937;-0.106427246;0.12812079;0.002952187;0.15251328;0.21439251;-0.399845696;0.44250305;-0.050814476;0.11897872;0.88821948;0.0668718;0.874939267;0.94473332;0.86062715;0.030173108;0.004949049;0.361525313;0.057815796;0.113368627;-0.363887674;0.21047939;0.04440996;0.206282859;0.79630512;0.329068032;0.656026601;-0.172514942;0.621501686;0.60685858;0.469198302;-0.37313878;0.80707213;0.741576262;0.94915772;0.74256689;-0.39676247;1.01659842;0.807607352;0.357760165;0.971509569;0.649774135;0.77499508;0.901529495;0.753712988;0.575209611;0.764237287;0.65096346;0.757435068;0.62582275;0.598679076;0.47471479
CAO_430;0.271293105;0.230808398;0.165235784;0.393966451;0.48560619;1.1118329;1.38577855;0.59891076;0.62331165;-0.00229723;0.90602788;1.99427319;1.01435467;1.37825019;0.94424869;0.19254524;0.37253919;0.27141875;0.453370339;1.366058318;0.86892188;0.865531794;-0.8690319;0.964171326;0.51326909;1.04114071;1.14007185;-0.919026903;1.33452394;-0.7949372;1.11726087;-1.30729938;1.22346202;-0.44253617;0.564608158;-0.4953917;-1.4375296;-0.439263;-0.378533116;0.95354265;-0.56942082;0.722952;-0.49300732;-0.20554648;-0.4955393;0.113539443;0.19191171;-0.581556024;-0.38538025;-0.67797433;-0.8321925;-0.91215738;0.09548933;0.648447479;0.579900828;-0.58842862;-0.439612207;-0.88576186;-0.93431743;-0.8196705;-1.501712256;0.37372671;-0.5480392;-0.16485209;-0.36481878;0.379741259;0.338752554;0.4743115;0.447397962;0.272889793;-0.6015682;-1.416110061;0.34357242;0.34116869;0.140737034;0.29795642;0.172314776;0.25319067;0.48863109;-0.351905718;0.33195401;0.053199816;0.09002791;0.40311783;0.35517591;0.137789558;0.341269;0.29318763;0.162886665;0.311959736;0.409194563;0.166177088;0.676257631;-0.3939752;0.43627233;0.35333201;0.308450887;0.59383163;0.343348931;0.201549557;-0.040123166;0.049117395;0.14460413;0.136367909;-0.171608215;0.2524906;0.388999071;0.37878165;-0.24920152;-0.13122512;0.13428689;-0.13399246;0.583735316;0.414536696;0.222722184;0.376443983;0.295031568;0.252267934;0.469474093;0.202985918;0.1595276;0.171280361;0.13834964;0.243903696;0.12017287
CAO_431;-0.725331;-0.478432383;-0.150864626;-0.300624298;-2.01579824;-1.48258536;1.15042136;-1.22013234;1.2748556;0.04655739;-1.63253296;1.25815451;-1.17255758;1.19453784;0.237878255;-0.17766594;-1.34795807;0.29582366;-1.988936757;-0.534952585;0.30071941;0.709121535;-1.02688369;0.429562607;-2.13191793;0.60817698;0.18696507;0.430548331;-0.91479059;1.7799854;-1.49401883;0.76897368;0.64355203;-0.63297892;1.246098569;-0.6692745;2.3613762;-0.610211;-0.552610957;-0.91301479;-0.72800652;-1.1010967;3.83478156;3.6514462;-0.6656171;-0.115058066;-0.14379658;-0.748900522;-0.56360963;-0.83639541;-0.9810552;-1.06229427;-0.72933833;-0.762142059;-0.154344766;0.38139775;0.232085;-0.44228638;-0.85364592;-0.70057913;0.516197152;-0.21394059;0.59254645;0.87916099;0.32498433;-0.155245662;-0.334824652;1.6566905;-0.353890339;-1.110217307;2.78175;-0.240414138;-0.29227129;-0.26866545;-0.160600487;-0.44305101;-0.686854883;-0.45496028;-0.3178649;-0.549261795;-0.67846075;-0.69385899;-0.47624493;-0.01720123;-0.33846553;-0.231350609;-0.24782323;-0.19032737;-0.443909394;-0.605361247;-0.396679481;-0.642080991;-0.579803709;-0.467291499;-0.39007236;-0.60384948;-0.671824647;0.05003545;-0.598593316;0.001016799;-0.589970021;-0.111188466;-0.10995321;-0.348592472;-0.660606576;-0.12461477;-0.186011697;-0.3853497;-0.06107014;-0.6098682;-0.13579019;-0.665894413;0.014745728;-0.111352802;-0.675164597;-0.004024124;-0.386082083;-0.223354313;-0.087018403;-0.282502617;-0.47450355;-0.288121122;-0.39076306;-0.310414301;-0.38600271
CAO_432;-0.406374769;-1.184555427;-0.855440987;-1.399134762;-1.91042334;-1.39900942;0.80329514;-0.09139638;0.82459989;-0.8185755;-1.54657773;0.93052979;-0.2787439;0.5264581;0.153309347;0.832892868;-0.96278791;-0.25359679;-0.211610938;0.811680906;-0.36482617;-1.428623728;-0.95318969;0.182600441;-2.0087576;-0.25787207;-3.59488353;-1.01250471;0.49852969;2.4102105;1.08033488;-0.41418784;0.20834389;-0.54407055;0.44110106;-0.5880962;0.1750309;-0.5304062;-0.471345357;0.75730209;-0.65397039;-1.0247367;-0.59024945;0.45807433;-0.5862159;-1.388517927;-0.7744359;-0.670774759;-0.48040455;-0.76243916;-0.9115578;-0.99220357;-0.73268747;0.016518745;0.265425321;0.29420562;0.567301469;-1.59913364;-1.64051862;0.28977065;0.421940303;0.45807816;-0.72089559;-2.04884014;0.61221557;-0.035646197;0.352733141;1.5059193;0.50246415;0.204799168;1.9073114;-1.517747133;0.36415321;-0.23302523;-0.229135836;0.63140316;0.50158143;0.83401634;0.83833242;0.473704231;0.63010376;0.146861667;0.17282612;0.29344864;0.52583321;-0.18327895;0.27199237;0.27561758;0.638420683;0.381412273;0.44272439;0.482299162;0.530273607;-0.069645036;0.38376013;0.50025657;0.55231292;0.57374975;0.538199896;0.398138939;0.045505745;0.156410038;0.14692776;0.343928468;-0.13549037;0.23751844;0.403727293;0.33314992;0.30645634;-0.16006124;0.29051085;0.134374336;0.514346964;0.163517487;0.212143088;0.145709578;0.193787912;0.178187739;-0.002965042;0.16589205;0.48474042;0.1529392;0.18308484;0.060988599;0.08119788
CAO_433;-0.141495246;0.029365107;-0.090229287;-0.691272407;0.0392481;-1.51543569;1.60309701;0.21694577;1.43657912;-0.30380756;-0.30801646;0.96393413;0.56345831;1.48736504;0.269140045;1.682975758;-1.19665647;0.11873974;0.946331203;2.092303684;0.4622085;1.608073117;0.94596758;0.223239891;-0.68798189;-0.19259401;0.15609459;-1.126519955;-0.94730213;-0.980921;2.17464091;-1.53609499;0.98733742;-0.66792433;-0.095731936;-0.7011824;0.7733981;-0.6415766;-0.58455047;0.4102565;-0.75710657;-1.1311082;-0.70886673;-1.38479415;-0.696826;-0.420052176;-0.30418923;-0.779608401;-0.59631237;-0.86546199;-1.0083717;-0.56634713;-0.02670667;0.196192438;0.299772063;-0.27371391;-0.392516368;-1.71454783;-1.75477364;0.88209066;-1.722938369;0.31636109;-1.93645086;-2.17248471;-2.51796834;0.221200222;0.33672;0.2758862;0.313456365;0.400901853;0.4560193;-1.641730796;0.27595924;0.13847174;0.176092626;0.01039356;-0.240774073;0.30149527;0.27020501;-0.275843847;0.43665205;0.002786499;0.06819935;0.2410698;0.35337201;0.07576588;0.0851171;-0.1332535;0.061630946;0.402280954;0.007300381;0.256612728;0.087918789;-0.312835295;0.29330469;0.07132709;0.183956194;0.06639323;0.22585304;0.164617462;0.177768562;-0.103019089;0.11708626;-0.007315987;-0.064855965;0.07758669;0.0900513;0.11338218;-0.06865775;-0.48062108;0.27760766;-0.226161202;0.241478877;0.160454266;0.05618489;0.009459713;0.030635837;-0.079815726;0.036650214;-0.020572754;-0.08781924;-0.106463848;-0.10189972;-0.095626848;-0.15019531
CAO_434;-0.185064165;-0.051036515;-0.249417473;-0.002401936;-0.05419702;1.17841208;1.64512882;0.05879291;1.59695072;-0.26669476;1.145169;1.05107448;1.1240143;1.65497071;0.265708195;1.475282362;0.02081863;0.12779292;0.209410964;1.586361577;0.36822131;1.913230947;-0.97339447;0.401116615;-0.3676309;-0.62388405;0.35977589;-1.0349458;0.94593492;-0.8988383;1.17262155;0.52391497;0.89664042;0.91198451;0.487987469;-0.6103529;0.9111991;-0.5522871;-0.493626819;-0.59785529;-0.67426908;-1.0456732;-0.61359522;-1.28914243;-0.6079855;0.086039302;-0.08027995;-0.692194596;-0.50321748;-0.78271659;-0.930612;-1.01142076;-0.11973853;0.061509398;-0.147923541;1.11307527;0.989969544;-1.62184865;-0.55736233;-0.79325982;1.264027327;-0.01831793;0.11943596;0.20455;-0.3611447;0.416906197;0.217918701;0.7516239;0.149260757;-0.222814468;0.6650847;-1.542148529;0.11937285;0.43085457;0.395803924;0.32408328;-0.308448176;0.23608227;0.21304565;0.128987667;0.19435985;0.234017884;0.06621822;0.47278964;0.28386906;0.125708219;0.14367576;0.30678197;0.310174369;0.223129344;0.402676505;0.205353325;0.087440513;-0.008467818;0.24469336;0.29512488;0.311683275;0.07637684;0.233572028;0.207128654;0.012028716;0.210008279;0.23780516;0.351170647;-0.039323432;0.32067997;0.192298882;0.19837469;0.14791812;0.04283162;0.22448017;-0.010639657;0.235449652;0.006786483;0.202225564;0.295860041;0.214036602;0.1521487;0.154901095;0.27573779;0.13101847;0.151379728;0.17685123;0.027285865;0.02075036
CAO_435;0.214856481;-0.167591127;0.071287604;-0.278084679;0.04735448;1.27558905;1.72725655;-0.04827404;1.69404578;0.06661562;1.45288297;1.16103988;1.37570358;1.77695145;0.238405145;2.140646725;0.28522933;0.23570265;0.526492772;1.667169222;0.24835287;1.965783705;-0.91690236;0.404361538;0.5537884;-1.64901807;0.402284;-0.972199679;1.0376044;-0.842597;1.36023856;0.95301829;1.1276052;-0.50029095;0.294272749;-0.5481236;1.1387535;-0.4911076;-0.431327187;0.58418519;-0.61751424;-0.9871342;-0.54832062;-1.22360336;-0.5471178;0.061112579;-0.01344852;-0.632305227;-0.43943228;-0.72602022;-0.8773369;-0.95768943;0.07972193;0.430482798;0.524538786;0.41271092;-2.368753837;-1.55833797;-1.60013282;-0.56310329;0.283231019;0.16120481;0.27585783;0.20255789;1.17960691;0.256571114;0.065969402;2.0040467;-0.165120426;-0.460778164;2.4156193;-1.473922935;-0.06241719;-0.32507221;-0.127367913;0.20908315;0.012123923;-0.01732677;0.07387385;-0.278754177;-0.3475016;-0.001288695;0.02828112;0.05838699;-0.12234377;0.048779783;0.13153457;-0.13963083;-0.07075041;-0.036992528;0.009993955;-0.008560857;0.042848283;-0.216919263;-0.04156272;0.10652304;0.036868853;0.30971065;-0.024085855;0.016913345;-0.219241688;-0.107026863;0.08724666;0.130511162;-0.223851902;0.03579962;-0.153541594;0.11981542;-0.06165986;-0.17760916;-0.25368997;-0.237587586;0.226157714;0.171115257;-0.066079639;0.002831875;0.091539114;-0.050675136;-0.126092654;-0.061590393;-0.26856265;-0.063590649;-0.14363322;-0.194872813;-0.02094994
CAO_436;-0.325569298;-0.228529477;-0.375355688;-0.188896069;-0.098123;1.14398713;1.47170339;-2.01718083;1.49047927;-0.53412107;1.04788212;0.94602391;0.88213144;1.46175615;0.159921528;0.876640807;-0.22157995;-1.6156891;0.224554647;1.597663296;-0.14081732;1.618025202;-1.0922826;0.055162681;-0.64879859;0.15070529;0.14501812;-1.166977287;0.95466006;-1.0171859;-1.5671193;0.46554954;0.76742868;0.56185451;0.722148298;-0.7413158;0.7931606;-0.6810255;-0.624721003;0.30848687;-0.7937079;-0.167756;1.54454165;1.26434273;-0.7360797;0.008905582;-0.0465721;-0.818232419;-0.63744382;-0.90201906;-1.0427301;-1.12449194;-0.05502719;-0.315268814;-0.946155618;-0.73027307;-2.627644715;-1.75550706;-0.32470964;0.33034842;-1.766077911;0.27051829;0.19247864;0.46773231;0.86010307;0.363422157;0.366692175;1.4480606;0.158282958;0.393367793;2.2555843;-1.685732013;0.23960222;-0.08722934;0.316885118;0.22176847;0.01459182;0.27197273;0.29480711;0.038493749;0.15027339;0.32795199;0.14553925;-0.16517148;0.12399132;0.003223492;0.0743325;-0.18678815;0.060660348;0.320323224;0.122474713;-0.002331466;-0.051852862;0.329249347;0.23124592;0.35287287;0.171264604;0.31222085;-0.005854296;0.476672593;0.169360832;0.137315364;0.11946807;0.084789544;-0.038745849;-0.01596825;-0.027241956;0.07494016;-0.01923592;-0.06398998;0.0812533;0.176725253;0.139337625;-0.343157581;0.089749251;-0.017978562;-0.001584936;0.04774158;0.039099513;-0.006537984;-0.07985624;-0.048208529;-0.10400807;-0.007728593;-0.09137059
CAO_437;0.292772297;0.351896465;0.09001969;0.495201969;0.6563755;-0.34229477;1.2680715;-0.10660689;0.62293449;0.60413686;-1.45998356;0.56002488;0.83804104;1.40997254;0.480620228;-0.225090043;-0.16212099;1.03493307;0.148478189;0.453024611;-0.08043209;1.550654403;0.37222334;-0.006513313;0.290486;0.28735354;0.41633558;1.02236867;-0.74874698;-0.1434544;0.99855528;0.60907474;1.39312697;-0.45449936;0.063427488;-0.5063144;-1.4489052;-0.4500021;-0.389468872;0.03812607;-0.57938277;0.3333757;1.7336799;1.34844955;-0.5062231;0.070555713;0.09320336;-0.592068059;-0.39657652;-0.68792656;-0.8415435;-0.92158881;0.40552376;0.459056849;0.492331372;0.03914334;0.299151948;0.45655395;-0.12553291;0.50599476;0.508473303;0.30857574;-1.70958927;0.7677894;1.17311803;-0.854394921;0.08269699;1.8304274;0.205314925;0.060361093;-0.6126401;0.357438591;0.1502961;0.31247938;0.48983742;0.25382752;-0.142553573;0.07616851;0.10167831;0.21269212;0.37129342;0.059626202;0.01668585;0.52862674;-0.16402071;0.33049981;0.41193406;0.41655607;0.358817722;0.176480347;0.430638241;0.271689241;0.370155478;0.159217678;0.17516519;0.10868444;0.160201683;0.50868128;0.514338524;-0.11587162;-0.280495211;0.433080612;0.32624099;0.451336487;0.20485711;0.44747665;0.108308552;0.07743585;0.34371586;0.05381185;0.28866886;0.15756423;0.337941314;0.415099692;0.336710445;0.279307337;0.295821863;0.306632509;0.261979902;0.354574145;0.27902461;0.26713904;0.29157762;0.322651727;0.25600125
CAO_438;-0.205041787;-0.082202264;-0.120952815;-0.334817523;0.14506123;-1.50799707;1.12657939;-0.20246192;0.64246136;0.40570633;-1.65866801;0.39003163;0.98127241;1.245063;0.112851367;-0.277280623;-0.31065117;0.98056821;0.160255529;0.242071953;-0.14814066;1.356169148;-1.0492906;0.112451532;0.14354676;0.66509636;0.23170678;-1.119236064;0.93972393;-0.9743919;0.93128292;0.17908258;1.20057013;-0.66001136;0.567778508;-0.6939572;-0.1836575;-0.6344743;-0.577318257;-0.4565466;-0.7505172;-1.1243125;0.26122674;-0.09500636;0.1454434;-0.354487955;-0.55114408;-0.772654931;-0.58890728;0.30422301;-0.0424314;0.66574758;-0.13826307;-0.595357804;-0.495729778;0.13662958;0.222644657;-0.93890675;-1.74747378;-0.68955938;0.495168501;0.59595152;-0.83982164;-2.16458525;0.92637782;0.198557418;0.40258093;1.6369786;0.480682615;-0.006700231;1.3482005;-1.63380931;0.23375906;0.25312149;0.45285051;0.49281132;0.353583222;0.30427704;0.22686188;-0.213458346;0.55617008;0.17454017;0.17652576;-0.59675492;0.51282981;0.21574448;0.03400346;-0.05207425;0.375331608;0.388483524;0.3410127;0.527769337;0.174813307;-0.002712848;0.42773887;0.30747041;0.311486754;0.25800838;0.595327259;0.486904332;0.049211708;-0.183501509;0.07195762;-0.06183925;0.092333836;0.10056487;0.182150114;0.06728122;0.02278692;-0.05714152;-0.17042318;0.072479207;-0.004113693;-0.260265385;-0.001213333;-0.006128407;0.008312766;0.018263218;-0.186749316;0.039305269;-0.10765657;-0.001549205;0.07095218;-0.221033651;0.03298646
CAO_441;0.038017486;-0.04129486;0.007363391;0.309968033;0.14170068;0.14047687;1.53429462;-1.82731061;1.57836528;0.3456261;0.17219316;1.58691279;0.70766327;1.45315873;0.210938785;0.505290596;-0.60287063;0.99675867;0.797835385;0.343865399;0.31955606;0.746713753;2.02225539;0.291241282;0.03348751;0.67075746;0.01952583;-1.004068324;-0.82355097;-0.8711618;-1.40314846;1.75304365;1.16637314;1.40930394;0.424338019;-0.5797292;0.6541378;-0.5221805;-0.462968999;0.14538736;-0.64633952;-1.016866;-0.58147308;0.5947441;-0.578032;-0.101843283;-0.04773944;-0.662722439;-0.47182844;-0.75481618;-0.9043947;-0.98497923;-0.1034504;0.489369053;0.71512567;-0.76720574;-0.508057906;-0.23573894;-1.63206519;0.08917545;-1.592378723;-0.02594535;-0.60713794;0.0495972;0.91118748;0.212806601;0.093867897;1.9858397;0.246349353;-0.062242199;2.8117229;-1.508573976;0.22770734;-0.1073056;0.1070736;0.10419257;-0.02291938;-0.05485305;-0.15765918;-0.466856415;-0.35940552;-0.104095224;-0.10597837;-0.02541151;0.22218749;0.440847534;0.42046306;0.40879763;0.270839463;0.008794138;0.22600429;0.057349905;0.524481172;-0.192302834;0.12658234;0.40990316;0.154505974;0.2948123;0.12392771;0.308103565;0.105906526;0.441504201;0.55606955;0.566810969;0.019011263;0.09860167;0.424168759;0.09177831;0.35417771;-0.02175282;0.43303528;0.371439662;0.621249356;0.05230791;0.402072953;0.176080136;0.273072893;0.26005589;0.349244351;0.29336862;0.29138463;0.354990274;0.32224752;0.217483609;0.07712811
CAO_442;0.010938194;0.212543616;0.415686544;0.599896352;0.25326656;1.04620907;-0.82768592;0.36273081;-0.50363582;1.10759874;0.78326019;0.43840676;-1.14399603;-1.27046783;-1.043114777;-0.340441201;-0.46485327;1.16879412;0.310521734;-0.590001601;-0.10801944;-0.496029199;-1.00694221;0.483289711;0.08938543;-0.85203181;-0.39814074;0.611748409;-0.89240817;-0.9322356;-0.2339937;0.14311977;0.491162;-0.60892065;-0.044479981;-0.6473078;-1.5957433;-0.5886167;-0.530621416;-1.38570145;-0.70797256;-1.0804346;0.93057461;0.73962052;-0.6441314;0.116499553;0.0668795;-0.727759799;-0.54109497;-0.81638375;-0.9622493;-1.04332818;-0.92056555;0.412779625;0.558756594;-0.82998928;-0.473127986;1.59702266;1.51800445;0.47822902;-1.665025692;0.10147087;1.02488756;1.31477874;1.15121228;0.455564947;0.171120602;0.3707093;0.06560233;0.461069758;0.4035519;0.577792655;0.23102764;0.10276935;-0.159066388;0.14244673;-0.06536692;0.18337993;0.46429973;-0.260325693;0.12615224;0.267201978;0.19625092;0.22829424;0.15421067;0.009737201;0.12044234;0.14777672;0.009086766;0.189171216;0.139269655;0.388016666;0.122076228;0.314134689;0.09266624;0.15502308;0.075008332;0.26883338;0.058806719;0.175573453;0.231478075;0.13203026;0.08212019;-0.267704776;-0.110197732;0.16329297;0.005055091;-0.16760273;0.33490391;0.19062841;0.29628278;0.235517672;0.143978186;0.07819763;0.118043358;0.031222536;0.184433958;0.113067505;0.163089848;0.114841346;0.22432956;0.120706047;0.06481691;0.026923206;0.05141281
CAO_443;0.117934751;0.2088483;0.265113348;0.254469424;0.69091376;1.04500947;-0.72266445;0.18073677;-1.27524653;1.458661;0.81823213;0.71426321;-1.0135405;-1.17878481;-0.189009406;0.320325036;-0.295225;1.41603263;0.937318531;-0.170516863;-0.48921615;0.007080963;0.04463812;0.946485822;0.31198216;0.12596321;-0.29989508;0.554680997;-0.79017532;1.3624917;0.04970749;0.64691346;0.22961554;-0.49903117;0.299007816;0.4745579;-1.49125;-0.4899768;-0.430175631;-0.70624061;-0.6164652;-0.9860522;1.35830705;1.24250612;0.3545512;0.496146871;0.30311885;-0.631198254;-0.43825328;0.84987281;1.0805089;1.22400587;0.5442872;0.098665275;0.209583233;0.3191438;0.378503191;1.52166114;1.27233598;0.36242819;0.487954508;-0.01597126;1.28335331;1.43789697;1.15530233;0.297419267;0.173722142;-1.4350409;0.270084128;0.033662958;-0.6538545;0.763264033;0.26097726;0.11104268;0.122416553;0.08711412;0.337822769;0.20115559;0.22420888;0.134766818;0.09890841;0.039668005;0.28278006;0.34639842;0.13723666;0.056929355;0.34537529;0.29574523;0.143534346;0.268837521;0.135149627;0.003324691;0.695939024;0.218172906;0.25369388;-0.14337499;0.282969331;-0.09360829;0.255447763;0.567977543;0.205584381;0.354027047;0.42829979;0.149029134;0.398031637;-0.05670082;0.296981093;0.24243274;0.05500127;0.39441404;0.32134358;0.057793487;0.046950786;0.591194823;0.256568785;0.144028917;-0.057451816;0.216354728;0.055745371;0.104073133;0.18758396;0.239909785;0.20491411;0.07689808;0.20706356
CAO_444;-0.038138556;0.194026337;0.098777927;0.314179673;0.3867268;1.06815913;-0.79051003;0.49308024;-1.34576689;1.31850936;0.91651303;0.50909027;-1.09781686;0.1605899;-0.1227315;0.324064942;-0.72142337;1.10547833;0.582162157;0.007186051;-0.08835113;0.182260001;-0.97470006;0.954307369;0.2199177;-1.72253929;-0.61833667;-0.021115924;-0.85621949;1.237938;0.2844985;-0.44191528;0.23361912;-0.570022;-0.004587076;-0.6117911;-0.3797682;-0.553701;-0.495066572;-0.16394344;-0.67558073;0.7924382;1.09837846;0.81902811;-0.6093922;0.169166634;0.0691762;-0.693578691;-0.50469158;-0.78402685;-0.9318432;-1.01266252;0.04423432;-0.441856879;-0.189385823;-0.58506014;-0.195637935;1.50056185;1.55327552;-0.28813295;-0.020637153;0.06002554;0.9618907;1.21108499;1.35526068;0.308536368;0.324883504;0.5558124;0.105995607;0.300952256;0.5073256;0.758783415;0.24313649;0.05711227;0.478304589;0.2524982;0.038363666;0.29961204;0.08961939;0.161163289;0.24759586;0.219163492;0.15972556;0.18416712;0.20609845;0.17709542;0.23185118;0.01462818;-0.054523793;0.119156937;0.253951577;0.440235734;0.359940965;0.221076283;0.16063414;0.11162666;0.127755123;-0.0074847;0.020395316;0.138681027;-0.077071001;0.300329449;0.23491416;0.394159892;-0.213704565;0.3005583;0.272792872;0.27810323;0.29208577;-0.22375968;0.20987722;0.362359807;0.211705467;0.081930118;0.12561881;0.029973091;0.290500616;0.167358027;0.308986405;0.313275602;0.26912989;0.257653069;0.21659028;0.266032129;0.30426087
CAO_445;0.167891551;0.005287136;0.011849698;0.242542454;0.20607192;0.87611238;-0.83478274;-0.09429915;-1.3917851;1.30225509;0.83012836;0.27279231;-1.15281157;-0.1950152;-0.857425897;-0.033824231;-1.11821525;0.90261653;0.120264858;-0.464435972;-0.74358165;-1.498835774;-1.01309717;0.539485538;-0.39586182;-0.97163185;-0.61527437;-0.32008945;-0.89931653;-0.9383628;-0.04542011;0.10227042;-0.04342904;-0.61634628;-1.839254853;-0.6540878;-1.6028044;-0.5952818;-0.537408581;-0.50656009;-0.71415607;-1.086812;0.59029349;-0.54691628;-0.650763;-0.448343951;-0.41598078;-0.734284902;-0.54804419;-0.82256043;-0.9680538;-1.04918211;-0.73932211;0.425880121;0.44394919;-0.01110384;0.161076441;1.38706948;1.38801618;-0.41941495;0.542274115;0.15861168;0.6269685;1.1767736;1.03874424;0.456839653;0.36949938;0.6391749;0.308666009;0.240981657;-0.762432;0.376951511;0.36469858;0.50271803;0.452884972;0.53827828;0.199194708;0.38819273;0.24635898;0.164047115;0.3516028;0.411909253;0.23772938;-0.10676714;0.61579602;0.106820574;-0.05541545;0.13647108;0.59856137;0.348820763;0.326875845;0.436611109;0.203862876;0.167178399;0.32849698;0.14012297;0.324467883;0.24881783;0.161851246;0.212173877;-0.087702982;-0.080171732;0.08584753;0.070345974;-0.104409517;-0.0349252;0.212449393;0.12790479;-0.04601694;-0.31074185;0.11870358;0.004315768;0.021366182;-0.893187776;-0.044427498;-0.193830086;-0.077833945;-0.137407891;-0.159311618;-0.093680411;0.07243128;-0.113767562;-0.07431826;0.014641379;-0.22610259
CAO_447;-0.228045599;0.291815237;0.327526979;0.655788177;0.86255597;0.66979082;-0.87036312;0.38739695;0.29449032;-0.26445824;0.57463364;-2.00503333;0.45777716;-1.30772054;-0.514453256;-0.616330179;0.66084831;-0.11391738;0.078668393;-0.237271229;-0.03953406;1.068056253;-1.04395536;-2.327371686;0.08858437;0.38297722;0.71567888;0.96244313;0.61787422;2.1702171;0.25599177;0.20270828;-0.49436223;1.19963297;-1.874349028;1.5481011;0.2426122;0.8443069;-0.571435375;0.3046095;0.76142735;-1.1187848;-0.69512393;-0.10098725;1.5946302;0.39376463;0.16307075;1.901662377;1.80201324;1.86070373;1.9463687;2.06907098;0.15607219;0.519424823;0.390895457;-0.04820486;0.196265228;1.12290158;0.9468533;-0.50242776;0.744473927;0.13500811;1.06648285;0.87207908;0.03377763;0.308849317;0.102688344;-1.5718791;-0.042820088;0.334822392;-0.7968886;1.039614024;0.1579945;0.12801734;0.334839372;0.20169556;0.268853157;0.20523209;0.1821276;0.024813002;0.24708258;0.224280252;0.15552829;-0.71724303;0.18884408;0.028563795;0.01554142;-0.15134589;0.270991286;0.216403391;0.17305152;0.106042327;-0.216203925;0.323183752;0.12121449;0.06503794;0.234896842;0.11359011;0.257364774;0.108151004;0.251781181;0.004032666;0.10528712;0.154226633;0.268242443;0.19828165;-0.191500375;0.02504617;0.13931325;0.21242892;0.16018565;0.048171453;0.007423142;0.151474996;-0.02455199;-0.124184474;-0.02400158;-0.094608105;-0.187974928;-0.091612127;-0.16112972;-0.048015648;-0.07223332;-0.000268333;-0.21389695
CAO_448;-0.603081689;-0.335161258;-0.123109217;-0.271895111;0.07569136;-0.04742979;-1.12667734;2.0272004;0.23606383;-0.3010001;0.02882316;-0.32887247;0.25540582;-1.53135055;-0.524324133;-0.24126673;0.97639003;-1.84037724;-0.008940999;-0.054592223;-0.14716904;0.809104763;-1.26624381;-0.529810099;0.25230065;-0.30658943;-2.27791516;-1.360078851;1.9438531;2.3002891;0.28936809;-0.80229013;0.41378051;2.63308595;-0.101276763;2.7117035;0.1503865;2.9671474;2.303075756;0.43380869;0.95819707;0.9578232;-0.95193638;-0.4549911;2.9685761;0.503798406;0.4166192;2.624225143;3.42757599;2.83736587;2.7317691;-1.28990731;0.38849127;0.791516607;0.533840352;-0.14783408;0.246024353;0.77426052;0.78446964;-0.43800572;0.412882195;-0.57267452;1.01659154;0.58070245;0.77716615;-0.348303601;-0.579437077;-1.8093427;-0.750737913;-0.517293849;-0.1820683;1.04829711;-0.60706555;0.05891418;-0.343776789;-0.67948741;-0.752856641;-0.68850162;-0.65305772;-0.140112814;-0.88088223;-0.539164655;-0.13062978;-0.40565683;-0.55052171;-0.97389197;-0.57771299;-0.52308994;-0.914962554;-0.678216408;-0.935607328;-0.578885818;-0.773937091;-0.210661337;-0.69938826;-0.66907852;-0.691912449;0.03819418;-0.86097264;-1.00932938;-0.479605416;-0.407128376;-0.39931614;-0.378865978;-0.27142712;-0.41923126;-0.722428866;-0.56126612;-0.49155422;-0.20306758;-0.46268755;-0.471809291;-0.246914026;-0.635092268;-0.538903442;-0.651135683;-0.577369569;-0.5799016;-0.254386205;-0.672053107;-0.56546108;-0.703100581;-0.65320527;-0.559968213;-0.55808007
CAO_449;-0.104291076;0.298654422;0.274156972;0.169759779;0.52701517;0.69739612;-0.89972122;0.27929334;0.33001209;-0.07780648;0.47236087;-2.036617;0.31096291;0.81050388;-0.517588875;-1.389541944;0.64786506;1.18925787;-0.632440708;-0.584121207;0.14283561;1.127434051;-1.06941697;-1.448398386;0.10878574;-0.10726169;0.49366465;0.835236059;0.76400991;2.1846588;0.04237609;-0.52887761;0.0561193;1.33456381;-0.43582216;1.6517719;0.3854642;1.0678811;-0.599510024;1.14495749;1.15123708;-0.1512861;-0.72454255;-1.40053165;1.5389893;0.617319908;0.53892742;1.970371158;1.9182913;-0.87907591;2.0868507;2.20176312;0.58229681;0.196404131;0.300660636;1.66023968;1.305077389;1.0616124;0.89908073;0.87587289;1.341088435;-0.24897576;1.77461759;1.34581549;0.66815952;-0.018882835;-0.074444334;-1.5990783;0.042465941;-0.022727667;0.5822268;1.544011562;0.127185;-0.26750036;0.013150325;-0.13549864;0.292487623;-0.01334448;-0.08567695;0.196082774;0.13791311;0.10864522;0.08461417;-0.17570537;0.09669581;0.014555835;-0.04705358;-0.09047429;0.014299027;0.139580087;-0.252782003;-0.316937019;-0.366357429;0.249363413;0.02369457;-0.05852771;0.025718418;0.33036243;-0.074869956;0.117756926;0.304137194;0.079117195;0.11186574;0.00860835;0.303212807;-0.38214708;-0.200242934;-0.01840305;-0.12517898;0.64543003;-0.19829247;0.064769477;-0.143375163;-0.074750689;-0.147603072;-0.116091205;-0.040625021;-0.077079944;-0.114073239;-0.090121919;-0.16263326;-0.1564327;-0.12941357;-0.139184077;-0.25875999
CAO_450;0.434429951;0.486152621;0.647162513;0.486349742;0.86256979;0.85447569;-0.79495682;0.21690102;0.490958;-0.06631733;0.50694607;-0.47721794;0.62617822;0.78033975;0.191161259;-0.431618477;1.43538201;-0.38794635;0.894825436;0.900827625;0.63598652;1.09861534;1.3325458;-0.881622515;0.5629011;2.08795664;1.00120818;2.207558086;0.79143312;2.4366656;1.61015206;1.67717361;-0.16186033;1.36192748;0.590953317;1.6157346;0.9793777;0.4261802;-0.499319548;-0.47934463;1.14232784;-1.0510222;0.9692665;0.36808088;1.6256134;0.67419509;0.57518174;1.666812366;1.79927306;2.04439175;2.0951929;2.22208416;0.87024539;-0.152022084;0.185105848;-0.7809963;-0.486552659;1.49223193;1.29599602;0.24714218;-1.631412582;-0.3709504;0.32830162;0.21191667;0.46536159;-0.158402755;-0.306512581;-1.5020176;-0.292168151;-0.185478213;-0.7238638;1.609730839;-0.25113096;-0.18833662;-0.752816083;-0.3327496;-0.03887752;-0.45293325;-0.24288437;0.003795158;-0.0776493;-0.177940197;0.03782174;0.72113189;-0.40288181;0.502066918;0.40405464;0.50542426;-0.262495986;-0.309938269;-0.290610498;-0.4510961;-0.276579165;0.014157789;-0.26536036;-0.57884705;-0.276539276;0.18052442;-0.220177877;-0.509042044;0.180932395;0.556513197;0.48343631;0.415047969;0.277648943;0.45962058;0.422626996;0.43346373;0.54885728;0.29569449;0.4263504;0.599895584;0.066878128;0.561785367;0.492363263;0.347616125;0.471002352;0.470225694;0.207709718;0.383040802;0.47062452;0.406095556;0.33792038;0.363658341;0.42894974
CAO_451;-0.72086313;-0.544350343;-0.831286384;-0.667095235;0.36795714;-1.75237468;-1.12497192;1.88224247;0.07473633;-0.02978642;-1.90999725;-0.14425376;-0.57357849;-1.52986357;-0.534142176;0.010676464;0.89271947;-1.83846693;-0.43766479;0.105907919;-2.43675483;0.587951434;-1.26476486;-0.589589691;0.38587872;0.14008685;-0.26606493;-1.358437958;1.96846085;1.6219456;-1.75986135;-1.79189743;0.02907275;2.51240999;-2.125425728;2.7369997;-1.8915085;3.1748046;2.458436901;0.12579589;0.73967585;1.0755396;-0.95022798;-0.24737452;2.9816004;0.451799253;0.2723501;2.662723921;3.15217592;2.87663547;2.7809462;-1.2885013;0.68464901;-0.376224648;-0.63495162;-0.5698575;-0.083257604;-0.13234681;-0.36858309;-0.59296938;0.514331724;-0.5368023;0.54401635;-0.73667585;0.50495821;-0.239805294;-0.666743815;-0.2730525;-0.57242954;-0.386573836;-1.0434524;0.326838079;-0.58187872;-0.74505008;-0.745837908;-0.52186248;-0.629544234;-0.50588429;-0.55304913;-0.264127286;-0.80308953;-0.527110638;-0.43431072;-0.76846423;-0.42574554;-1.220728118;-1.31626929;-0.92684359;-0.524901039;-0.50738034;-0.80745887;-0.40833291;-0.509495036;-0.287424924;-0.5568258;-0.44114755;-0.544511147;-2.346046;-0.65716053;-0.560031749;-0.505613865;-4.116405606;-1.16764114;-0.783382378;-0.447234;-0.9427003;-0.806708931;-0.97854216;-1.28190689;-0.22145955;-1.06641048;-0.728307723;-0.876572498;-0.76041773;-0.812166048;-0.987986742;-0.939195264;-0.883681563;-0.637920818;-1.031977746;-0.97822334;-1.05470028;-1.10539665;-0.956105004;-0.94887738
CAO_452;-0.711486557;-0.302616387;-0.34724421;-0.073092368;0.17139388;0.99046168;-1.08495055;0.91722279;-0.14178595;-0.91509116;0.99284177;-0.97726014;0.11215302;-0.09968501;-0.690075428;-0.494490181;0.12775516;-1.79363759;-0.468367735;-0.577778631;0.5680653;0.250211467;1.4528234;-0.743334597;-0.22531868;0.01596771;-0.26561421;-0.151882506;1.58565319;1.3544566;-0.70721426;-0.61183532;0.25161859;1.77121174;0.271933492;2.3215921;0.1617203;2.2654588;-0.776590489;0.11602575;2.74193397;0.2470313;-0.9101348;-1.58682232;2.3156677;0.677264913;0.52583588;2.39835545;2.00192249;2.63339098;2.49018;2.61451571;0.67704194;0.066831397;0.280569364;1.3150761;1.305967947;0.64750678;0.72297392;-0.44202227;1.412420306;-0.3878423;0.19199848;-0.27358055;0.35521949;-0.0606129;-0.407387941;-0.555968;-0.408360545;-0.157457209;-1.0046962;0.80653557;-0.35822979;-0.39426843;-0.405897498;-0.40382329;-0.101885401;-0.3178095;-0.42663786;0.298679011;-0.64739636;-0.164738517;-0.04822275;-0.41669703;-0.28837371;-0.462533302;-0.52425174;-0.58120795;-0.440339453;-0.110286945;-0.557347443;-0.174144245;-0.445192949;-0.00125966;-0.3824604;-0.26730546;-0.184586031;-0.49729522;-0.447697967;-0.355209552;0.016136954;-0.31999223;-0.48018816;-0.529932972;0.227572143;-0.52261539;-0.594604996;-0.39969847;-0.57904354;0.325119;-0.44048677;-0.598167942;-0.371772265;-1.040444722;-0.624961544;-0.739222972;-0.639379255;-0.676379134;-0.788266263;-0.651630924;-0.6572094;-0.68028639;-0.66908215;-0.592965981;-0.57757963
CAO_454;-1.000823017;-0.797340521;-0.866046238;-1.108503905;-0.31667397;-1.98355025;-1.36001014;1.83753566;0.01199254;-0.17548699;-0.19733041;-0.36699427;-0.26227423;-1.73451795;-0.71152896;-0.105323848;0.72022775;-2.10174602;-0.477825142;-0.412870365;-0.40582753;-0.633805645;0.64919025;-0.783235691;0.39508532;-0.41216976;-1.13124147;-1.584293931;2.28740867;-1.391366;0.32860964;-0.3820072;0.06230618;3.0047063;-0.214539062;2.9499693;0.3378208;3.4036421;-1.039143856;-0.03441322;2.64996266;1.1852311;-1.18558287;-1.86304349;3.1934852;0.317909647;0.09109284;2.760319693;-1.0619598;2.95899498;2.6889183;2.88278505;0.674419;-0.785007569;-0.731389486;-0.05707727;0.005619099;-0.72903411;-0.48516969;-0.64681112;0.458526731;-1.32922568;0.59632903;-0.88736131;0.8681672;-1.776109634;-1.460914056;-2.0255033;-1.404249533;-1.267395031;-1.2710502;0.139030599;-1.53132589;-1.51567554;-1.092408028;-1.30737289;-1.167536705;-1.47563886;-1.51167177;-0.632904168;-1.12084847;-1.482511254;-1.00507804;-0.98026163;-1.41709752;-1.103473982;-1.40829673;-1.3310385;-1.369029604;-1.411567739;-1.398712097;-1.257991487;-1.286654432;-1.238746154;-1.45121389;-1.46928254;-1.57030453;-0.35527034;-1.307625853;-1.435551204;-1.243780345;-0.655410557;-1.20491141;-1.284523164;-0.677559344;-1.06644376;-1.184049898;-1.31948076;-1.48315074;-0.57640228;-1.39060126;-1.15345438;-0.856570717;-1.036537616;-1.185228116;-1.197048147;-1.218209481;-1.239425335;-1.384420918;-1.320924602;-1.14883685;-1.262184565;-1.18164385;-1.270968394;-1.33666247
CAO_455;0.211036199;-0.604230965;-0.614443821;-0.7005287;-0.87550702;0.9621082;-0.71147708;0.83422041;-0.1885482;-0.95661412;1.36281231;-1.15141124;0.20907791;-1.16901766;-0.011504351;-0.307653266;-0.01090783;-0.12223731;-0.787111134;-0.281850786;0.67351958;0.219743303;1.4065627;-0.774747296;-0.59646795;0.33373149;-0.31016141;0.51079234;1.20103227;-0.8318975;-1.35905931;-1.35276629;0.06317876;1.88647218;-1.717627445;2.0171215;0.4877055;1.9435778;0.810154396;-0.35423725;2.65569626;0.1034275;-0.53590283;-0.30104763;-0.5355385;-0.017878656;-0.05391368;2.184972408;-0.42729771;2.34775252;2.328943;2.48303908;0.29262063;0.182832227;-0.134000425;0.755072;0.624640428;0.3449591;0.32305253;0.31413328;0.958335554;0.33863515;0.11112691;-0.8021319;0.04121696;0.216509256;0.04923337;-1.4246761;0.202745989;-0.032094207;-0.6430204;0.488949838;0.31304475;0.24812386;0.214463934;0.24683394;0.158594122;0.08890509;0.24394469;-0.613358618;0.25798033;0.03062305;-0.07818469;0.2881894;0.20571335;0.341534947;0.36657647;0.1714767;0.31592579;0.124353117;0.197059785;0.087738351;0.555444358;-0.232934725;0.1701061;0.11685513;0.249098096;0.52631327;0.251021019;0.196702171;-0.114191415;0.372652504;0.28550006;-0.027373507;0.01430822;0.31256295;0.286227313;0.25752777;0.28195319;-0.23557757;0.27601238;-0.030709979;0.026823876;0.481256713;0.194308008;0.255353444;0.381690807;0.359721009;0.16240849;0.280813791;0.45548353;0.362097597;0.27431442;0.396133469;0.28085435
CAO_580;0.169507962;-0.09393022;0.066207188;0.201617204;0.77797526;0.52037264;-0.80208811;1.0001821;-1.35780145;0.2278958;0.35681271;0.50817268;-1.11219892;-1.24812232;-0.816891628;0.279492731;-0.32087347;0.82823136;0.104724172;-0.096552345;-0.09010509;-1.465602739;-0.98474159;0.797345039;-0.09187559;-0.77537698;-0.18585907;-0.005205477;-0.21663644;-0.9101347;-1.44691072;-0.23493916;0.03523251;-0.58213668;-0.27374405;1.1538857;-0.6841946;0.1980303;-0.506139972;-0.1268843;-0.6856689;0.4971792;-0.62670625;0.17970142;1.2366662;0.403511956;0.25072907;1.777214016;1.56030828;1.15382867;1.5338985;1.66844456;0.32330559;0.472246676;0.71467462;0.27539572;0.409109676;0.91160391;0.88714577;0.01607947;0.704023379;0.27529842;0.53295454;0.27749324;-0.13442945;0.447519575;0.334922704;-1.5086245;0.127816795;0.140992669;-0.7307699;0.967970348;0.14036038;0.29530346;0.25943484;0.30511356;0.240604878;0.28635166;0.24603075;-0.038287334;0.25933131;0.302975424;0.17553813;0.34166425;0.08405038;0.240258572;0.05789202;0.31925568;0.165293364;0.330445308;0.219880034;0.500908109;0.212132043;0.168812324;0.31880205;0.17098303;0.192918271;0.47974612;0.203960568;0.39523253;0.135773235;0.286266432;0.32126605;-0.127070276;0.050496064;0.30903988;0.230572136;0.37211402;0.2871434;-0.06306372;0.14028781;0.18204973;0.331676678;0.041962398;0.267871758;0.147626906;0.332735015;0.227420915;0.231075707;0.179424935;0.17176599;0.139115913;0.25722704;0.21308023;0.16186545
CAO_581;-0.12996185;0.026546438;-0.168961559;0.048811089;0.54737378;-1.57618174;-0.94583754;1.51088763;0.23596456;0.01014565;0.21285683;-0.33887891;-0.06383218;0.80740541;-0.432931756;-0.399086255;0.8875908;-0.23931378;0.061316936;0.029646231;-0.1683065;0.643739514;-1.10941229;-0.13798578;0.51878926;0.3082796;0.43654653;-1.185997774;1.58000391;1.9812598;-1.58626497;-1.60168717;0.15119878;1.83149193;-0.24169637;2.4132933;-0.1926262;2.9014088;2.070070302;-0.73620641;-0.81091659;0.8893066;-0.77075267;-0.04283144;2.8334506;0.553196993;0.44356847;2.503790685;2.27996217;2.73577583;2.5716561;2.71171923;0.73716001;-0.640582326;-0.731166046;-0.18567262;-0.091304968;0.66299503;0.76747972;-0.82054942;0.229529194;-0.48529053;0.40104543;-0.31867707;0.24383509;-0.973452296;-0.452031801;-1.6418034;-0.325000457;-0.680602596;-0.869979;0.828496598;-0.40843147;-0.40337354;-0.112208374;-0.50301666;-0.350485398;-0.3120308;-0.25017783;-0.054991851;-0.4456099;-0.424418684;-0.04594281;-0.58353399;-0.21865368;-0.435496718;-0.16575253;-0.46130725;-0.27924413;-0.825119725;-0.296871654;-0.250806056;-0.203444863;-0.160672895;-0.32677708;-0.43571717;-0.559246134;-0.15546364;-0.558266878;-0.352322791;-0.263716825;-0.080424913;-0.68815671;-0.386377509;-0.143215378;-0.44815292;-0.551388977;-0.30837737;-0.3449428;-0.26677293;-0.45712824;-0.504481383;-0.30665127;-0.118639411;-0.278135113;-0.25537465;-0.313731964;-0.302828212;-0.267891242;-0.403810054;-0.24370859;-0.359557691;-0.44058749;-0.410991204;-0.35689908
CAO_582;-0.676615029;-0.406561419;-0.428978197;-0.248883358;0.2700896;0.46490214;-0.99930698;1.23262532;0.13814612;-0.29507483;-0.11670887;-0.83032284;0.26902482;-1.42025145;-0.000395479;-0.31155036;0.56233224;-1.69770562;0.061444981;-0.083984709;-0.31441082;0.637383688;-0.01208573;-1.15679269;0.24518074;0.03105944;0.62172112;-1.237483018;1.5037615;2.071264;-1.6380909;0.33304402;-0.05671366;1.76088494;-2.001519097;2.2194334;-0.1563274;2.7013779;1.854480334;-0.63090266;1.45458025;0.884911;-0.12854769;0.1437453;2.1729181;0.04398466;0.06561602;2.324324551;2.91357845;2.61444483;2.4609248;2.5928888;0.3771423;-0.429138791;-0.196999797;-0.09676968;0.217568111;0.61633636;0.78630378;-0.05327752;0.620649354;0.14039211;0.34521045;-0.49375647;0.13114284;-0.709027899;0.177903723;-1.6913406;0.054991021;0.295825192;-0.9217591;0.864823726;0.12685966;-0.1594695;0.178147161;0.10711644;-0.200762236;0.14132555;0.17469575;0.010227096;0.18715861;0.096195427;0.06458352;-0.14727708;0.26685701;-0.452884945;-0.28682541;-0.11045971;-0.261893827;0.138797796;-0.385695972;-0.24920227;-0.17979334;-0.170761927;0.10877395;-0.12717116;0.084969142;0.26218242;0.013279156;0.096515799;-0.038737427;0.006783477;-0.11083197;-0.181641319;-0.197981522;-0.12029243;-0.00234091;-0.21020222;-0.13372239;-0.21465252;-0.06527802;-0.165503178;0.048239517;-0.290569203;-0.147545916;-0.273795974;-0.155617217;-0.187671062;-0.112137812;-0.232540211;-0.20726628;-0.196730881;-0.22997473;-0.167725749;-0.33805363
CAO_583;0.067021535;0.018886034;-0.013126504;0.095258498;0.35467208;0.17354623;-0.94026754;1.37222693;0.2234248;-0.19538844;0.26697372;-0.41745345;0.26263202;-1.36873227;-0.374939894;-0.482768191;0.77858739;-1.63157397;-0.152790621;0.013509125;-0.54103826;0.666626247;-1.10458163;-0.359249531;0.40834948;-0.23073697;0.44083533;0.735882718;1.4558086;2.0212155;-0.25406691;-0.44585667;0.15739961;2.28863722;-1.94329455;2.2413062;-1.7077552;2.7896613;-0.638280999;-0.43503981;-0.80606366;0.8255917;-0.76517144;-1.44131891;2.6368926;0.256421566;0.44554554;2.206738728;2.83963435;2.67316022;2.5526809;2.68335424;0.67040135;0.580427928;0.794512912;-0.33264004;-0.288403669;0.49404074;0.51826569;-0.84189568;0.006461577;0.02635491;0.05103426;-1.14657952;0.05559337;0.128023458;-0.172695459;-1.04872;-0.076391285;-0.257129882;-0.8645849;0.635451146;-0.2115834;-0.45957056;-0.11001045;-0.13834418;0.088713787;-0.25140836;-0.26702367;-0.132083719;-0.0522627;-0.404473183;-0.27889849;-0.01627936;-0.1667807;-0.319462558;-0.44293867;-0.26928851;0.015722545;-0.152222307;-0.066322808;-0.040535799;-0.223620465;-0.403434011;-0.25320484;-0.37962367;-0.212297352;-1.01908946;-0.097417297;-0.540571726;-0.31523677;-0.134797771;-0.36433051;-0.255655353;-0.12391955;-0.37379671;-0.421456707;-0.29231285;-0.16176379;-0.07343969;-0.24063253;-0.39866684;-0.286024515;0.137751947;-0.276265849;-0.342098174;-0.421590605;-0.490695432;0.066410903;-0.502041083;-0.41292276;-0.374186176;-0.35526717;-0.464531771;-0.38971959
CAO_584;-1.307688;-1.567474025;-1.534351211;-1.431392073;0.35592882;1.05124165;-1.19117828;0.49136469;-1.76223607;1.16601509;0.97552035;0.43719591;-0.68175773;-1.58757409;-0.115799638;-0.362993888;-0.92492238;1.06761022;0.199834551;-0.829463401;-0.64503052;-1.861099187;-1.32217812;0.304461099;-0.03718936;-2.16449786;-0.26353854;0.728516666;-1.24623653;1.4090255;-0.26558774;-0.20264679;0.32044691;-0.9891954;0.111962913;-0.9945681;-1.9573649;-0.9298399;-0.878075397;0.49878687;-1.02464832;0.4232359;1.29674329;0.97923222;-0.9837556;1.10603255;1.39546259;-0.112989703;0.19078931;0.36296368;0.5559453;1.02186643;1.57748006;-0.802243929;-0.459917076;1.4690357;1.35387668;0.8410315;1.13910605;0.67930848;1.475389567;-0.47969395;0.79377068;0.82007006;0.98831854;-0.215129534;-0.565129216;0.4293834;-0.400729232;0.53907996;-0.1942201;1.051560259;-0.29122939;0.71873591;-0.060625758;-0.1575287;0.741343699;-0.6174701;-0.59064959;0.857874771;-0.44792692;0.407299893;0.49579258;-0.71638515;-0.63892419;-0.835139042;-0.89008339;-0.9435537;-0.255436601;0.08411216;-0.289979107;-0.513590515;-0.319638126;0.685326733;-0.58143448;0.27101318;-0.250938343;-0.19271901;-0.524090382;-0.483270852;0.719090041;-0.506965696;-1.21123598;-1.395036243;0.964398842;-1.1783311;-1.247841705;-1.14327663;-0.99129801;1.05819498;-0.8491539;-0.822056827;-0.424450029;-0.750054573;-0.936688703;-0.95079221;-0.992292927;-1.029890796;-0.832789966;-0.875789007;-1.03831316;-0.887103346;-0.84014027;-0.823911873;-0.81834175
CAO_585;0.186502558;0.191669397;0.174236227;-0.025391887;0.40254938;1.33382889;-0.83957517;0.21083236;-1.39676647;0.89702014;1.21268649;0.33076293;-1.15876463;-1.28084619;-0.049223342;-0.058516058;-0.72664411;1.13554439;0.533364849;-0.516330305;-0.38789812;-1.503707116;-1.01725355;0.459035663;-0.03597896;-1.05363378;0.20256742;0.208655255;-0.90398168;1.8117684;0.05343715;-1.4888286;0.12296452;-0.62136073;-1.84398185;-0.6586663;-1.6075726;-0.5997827;-0.541991857;0.56837954;-0.71833174;0.7593294;1.52765744;0.95413104;-0.6552413;0.800056759;0.94215102;-0.155219761;-0.55273691;-0.82673146;-0.4529417;0.13867476;0.99342216;0.0079015;0.007646871;0.15725332;0.380318257;1.75813606;1.95522689;0.69798914;0.697616706;-0.10680208;0.9965148;1.57284341;0.84085818;0.048862622;-0.063357226;0.3432124;0.035014301;0.275834798;-0.767073;0.675786398;-0.13753285;-0.12012127;-0.122652256;-0.23607685;0.194411485;-0.05107166;-0.06581381;0.513009022;0.04857917;0.103229022;0.17631201;0.16386324;-0.15060454;0.019952481;0.02487269;-0.01891145;0.139043504;0.162662111;0.128289199;0.149468514;0.088893702;0.251198698;0.02654277;0.14355298;-0.199169971;0.33546623;-0.015789565;0.10827445;0.319330208;-0.056903027;-0.26725098;0.136804309;0.370607075;0.08049275;-0.284422427;0.11395842;0.02231844;0.51540773;0.0170211;0.091630515;0.318100597;-0.082891104;0.065374429;0.274686395;-0.047519649;-0.033049992;0.054507582;-0.008638961;-0.05404188;-0.028861358;-0.03237571;0.01912632;-0.12455593
CAO_586;0.24973184;0.197327321;0.201571216;0.212417415;0.29855222;-1.53520838;-0.90418028;0.54201971;-1.46391883;0.9119913;-1.68665381;0.37031359;-1.23901603;-1.33723707;-0.059990616;-0.052968869;-0.5829978;2.06664913;0.304671887;-0.295458013;-0.31371761;-1.5693761;-1.0732842;0.519928835;0.83606012;-0.03599252;-0.13254727;-0.486651581;-0.96687085;-0.9982755;0.74698067;-1.55744558;-0.60969117;0.08205906;-0.591577304;-0.7203878;-0.3791187;-0.6604548;0.29341178;-0.34590643;-0.77462177;-0.1464419;0.68944948;0.68093365;-0.7156104;1.159630521;0.92145454;-0.79809148;-0.61599561;-0.0522445;0.4094697;0.91561311;1.36254486;-0.378699299;-0.058473939;0.44991802;0.307112467;0.47264539;0.75343639;1.00776737;0.337346132;-0.21197381;0.69316788;0.53321144;0.57221938;-1.041053734;-0.164867029;-0.1765002;-0.220846354;0.05850332;-0.8296376;0.432210132;0.02341926;-0.33097677;-0.264931629;-0.22924774;0.043944203;-0.22481949;-0.39479729;0.764382129;-0.35240436;0.253137234;0.52455941;0.05974734;-0.32731739;-0.098052075;-0.13970454;-0.58173325;-0.150253444;-0.356638958;-0.126967497;-0.009116939;-0.093204462;0.669675971;-0.2758408;-0.1737027;-0.20271251;-0.90578119;-0.338383449;-0.416101784;0.60120555;0.064006562;-0.01206278;-0.427785373;0.600652721;-0.44721256;-0.131681069;-0.26776024;-0.17518168;0.9313944;-0.10940028;-0.40213719;-0.390876832;-0.372512839;-0.263213975;-0.031232796;-0.15526638;-0.182208592;-0.583036348;-0.190357606;-0.19540356;-0.153195504;-0.21409012;-0.099574683;-0.14517715
CAO_587;0.234807927;0.179798516;0.215803716;0.234091833;0.26816134;1.03228171;0.04256693;-0.1522292;-1.35650174;0.41112743;0.29907293;-0.04088434;-1.11064568;-1.24703075;-0.728635155;-0.235129173;-1.11337447;1.01202062;0.391305128;-0.550067884;-0.85467136;-0.819296972;-0.98365712;0.219175761;-0.36278565;-0.20578916;-0.03468493;-1.046344103;-0.86627292;1.876842;0.15356354;-1.44768383;0.16085141;-0.58082832;-0.37429578;-0.6216578;-1.5690304;-0.5634009;-0.504944072;0.49444887;-0.68457939;0.6535311;0.98321193;0.56273283;-0.619043;0.738522186;0.63990269;-0.703074406;-0.51480476;-0.79301593;-0.9402902;0.05041612;0.99785493;-2.346003539;-2.3745918;0.41633076;0.336110533;1.30380192;1.32647939;0.18183867;0.308245745;0.20769317;1.08667145;1.07760911;0.45109613;0.506821169;0.207274599;-0.3854312;0.226513645;0.590952167;-0.729559;0.657572414;0.2204797;0.02507978;0.012969887;0.26580682;0.419741739;0.37556744;0.29071774;0.461459617;0.13112422;0.347813358;0.22225649;0.04174115;0.32390954;0.080645455;0.10135477;0.06879175;0.076730058;0.260908135;0.067363034;0.094797551;0.176003082;0.327458455;0.2053627;0.18727237;0.259809745;-0.02983302;0.234381907;0.135947519;0.289433797;-0.128132672;0.15497416;0.182140779;0.27535941;-0.27059216;-0.01855439;0.26237976;-0.03675294;0.48783771;0.17281104;0.301542263;0.130483324;-0.024210831;-0.247314346;0.447404227;0.051096288;0.111170651;0.531825301;0.172021536;-0.06124137;0.090869961;0.17154312;0.137110783;0.11244674
CAO_588;0.681185193;0.771492426;0.659388869;0.559421519;0.41940499;0.93160861;-0.66828131;0.12441935;-1.21871941;1.37323093;0.97166322;0.45610873;-0.94598699;0.32525496;-0.181408118;-0.172177527;-0.80865767;1.06240993;0.158138042;-0.733534439;-0.75962458;-1.329592377;-0.86869192;0.03531376;-0.94775335;-1.58769164;-0.30290338;-0.91864926;-0.73723598;0.8282674;-1.31717728;0.7031793;0.53093028;-0.44212599;-1.675017837;-0.4950172;0.5391709;-0.4388948;-0.378158163;0.19880407;-0.56907926;-0.9371747;1.39865036;1.23379847;-0.4951729;0.030949058;0.38816963;-0.581195601;-0.38499636;-0.67763309;-0.8318719;-0.911834;0.41744379;-0.118716744;-0.736291726;0.02152189;0.16142025;1.48966886;1.57008375;-0.05456271;0.448248924;0.20021785;0.68875427;1.36078997;0.53934663;0.268356682;0.090435951;0.1795042;0.209487382;-0.596701993;-0.6011886;-0.008655469;0.27064524;0.14807833;-0.136319441;0.20757387;0.074617051;0.06888997;0.27357499;0.280696545;0.08328233;0.061128215;0.15559058;0.36496251;0.13306908;0.526683069;0.32259006;0.60244717;0.185828646;0.08256198;0.003441131;0.157615045;-0.029755679;0.152512435;0.06372635;0.14761745;0.012534097;0.28310849;0.203044417;0.112830957;-0.069922686;0.439522396;0.76119741;0.414600888;0.176297272;0.41812162;0.298930629;0.32983849;0.63896138;0.12159603;0.31146738;0.539862498;0.180539455;0.433117733;0.558977696;0.472613592;0.576056749;0.477110611;0.285457019;0.559706618;0.62190093;0.590462909;0.5376034;0.50427843;0.48428029
CAO_590;0.026942364;-0.214764239;-0.153947304;0.083413277;-0.69692071;0.86979708;-1.05566308;-0.40002732;0.11735353;-0.75216662;1.05539568;-0.14652703;0.46319817;0.6117327;-0.269465482;-0.943144204;-0.18565608;-0.58304767;-0.365859201;-0.817664064;0.4339253;0.107506584;1.3477119;-0.682233243;-1.06315277;0.13663389;-0.51105371;-1.291736502;-1.11432785;-1.1290231;-0.93608774;0.01602392;-0.57300695;-0.84744324;1.014673818;-0.8651072;0.8595155;-0.802681;-0.748599431;-0.37879933;2.77931604;-0.0446526;-0.88079289;-0.3539883;-0.8571524;1.115444158;1.24437175;-0.212101857;-0.7642956;0.36999897;0.4633293;0.83122479;1.39097868;-0.188984867;-0.197839409;0.07528059;0.266259151;-0.56462541;-0.4117911;0.90462503;0.698323507;-0.87540881;-0.86995055;-1.59436528;-0.16490805;0.085852909;-0.295499374;0.2269311;-0.540067738;0.232939368;-0.3617948;0.204801269;-0.59495155;0.48163984;-0.16836821;-0.17562514;0.522892471;-0.36344467;-0.42398338;1.009639823;-0.41389725;0.438643575;0.23755582;-0.5623907;-0.28566078;-0.642632351;-0.52764972;-0.45515069;-0.419762727;-0.04285211;-0.237651994;-0.159359611;-0.283729717;0.710020455;-0.4126092;-0.35979981;-0.332526672;-0.31530908;-0.32413986;-0.599257057;0.404848663;-0.423726127;-0.70376236;-0.523618552;0.921794897;-0.44011607;-0.668162223;-0.49792223;-0.59213607;0.94544773;-0.47968064;-0.461196678;-0.168114281;-0.778337672;-0.759816079;-0.732420482;-0.672551926;-0.663647454;-0.993034338;-0.527878453;-0.72780334;-0.731953476;-0.54949955;-0.659818622;-0.56556282
CAO_591;-0.227466134;-0.149189266;-0.151791454;0.077623847;-0.74177643;0.86697282;0.90175792;0.11420248;0.05650551;-1.15178514;1.10738171;-2.24057153;0.68443171;1.2357258;-0.277246771;-0.46849252;0.01493102;-1.79851408;-0.858804856;-0.549024595;0.63865608;-1.757547967;1.55212596;-0.691461353;-0.65666281;0.45028192;-0.38356261;-1.324115324;-1.14707411;-1.1580504;-0.14532136;0.49767536;-1.28286745;-0.88263571;0.571223195;-0.8972456;0.6819091;-0.2382885;-0.780750923;-0.16034935;3.02542265;0.2354387;-0.91449625;-0.25427276;-0.8885832;0.910690944;1.21573208;-0.968296105;-0.7972223;-0.2843221;0.3513133;0.77332304;1.26721859;-0.57288646;-0.536271401;-0.29335466;-0.005690893;-0.18555448;-0.35190987;0.40337154;0.553054738;-0.46173619;-0.10875906;-0.40203298;0.03804661;-0.247664923;-0.529713106;-0.3050151;-0.49650177;0.192666204;-1.0089121;0.291407986;-0.38504153;0.4501918;-0.606364155;-0.49037422;0.543551899;-0.63657281;-0.77657095;0.988838725;-0.54424438;0.169148628;0.2119966;-1.15998748;-0.64226952;-0.716847885;-0.78601563;-0.52643926;-0.376127672;-0.045241843;0.248671192;-0.252593962;-0.417767386;0.638440077;-0.73941182;-0.41942175;-0.369241766;-2.28827544;-0.475963115;-0.718998919;0.681123078;-0.785535228;-0.46036203;-0.709508263;0.834396902;-0.61158713;-0.374365787;-0.4988414;-0.55476605;1.07302427;-0.85607642;-0.970458736;-0.760802988;-0.224567131;-0.573687398;-0.745122215;-0.559870337;-0.619254922;-0.80102973;-0.621080777;-0.63030205;-0.662137608;-0.63074842;-0.648766573;-0.60506025
CAO_592;0.246297163;0.066742492;0.051424109;-0.136774505;-0.13817644;1.05815451;-0.08909448;0.29755047;-0.23389007;-0.85033143;1.1760141;-0.80087531;0.68460943;0.48585813;-0.095642694;-0.647233918;-0.14878221;-1.64318744;-1.270585999;-0.52410222;0.58075579;0.032039408;1.48773762;-1.260332028;-0.76693605;0.48607593;-0.36361675;0.791026787;-1.01209194;-0.4904336;-0.35052816;0.47879526;-1.87225034;-0.73756278;0.237445078;-0.7647692;0.7725621;-0.7040775;-0.648194441;-0.57078536;3.25788706;-1.1909102;-0.77556034;0.46819161;-0.7590187;1.113710899;1.25067076;-0.004347448;-0.04004321;-0.3709998;-0.1160937;0.68577245;1.48398685;-0.003256306;-0.38695209;-0.09506595;0.214224834;-1.77944295;-0.35844769;0.4147403;0.532948504;-0.57917334;-0.54518509;-2.24200304;-0.59978211;-0.007765988;-0.447471656;-1.6462486;-0.449599259;-0.115580933;-0.8746254;0.319832828;-0.42403055;0.39726844;-0.338593588;-0.37946369;0.26517222;-0.58109243;-0.60948956;0.812239387;-0.56036446;-0.003007261;0.33737246;-1.06520728;-0.61475197;-0.545889829;-0.64281132;-0.50056142;-0.150813074;-0.216930039;0.40958045;-0.383465435;-0.350630475;0.335690094;-0.63142525;-0.60643211;-0.357502212;0.12767559;-0.496576513;-0.485954793;0.468493259;-0.147959958;-0.66658938;-0.453336526;0.80934582;-0.59358322;-0.588856118;-0.564499;-0.47535938;0.8155824;-0.88209613;-0.433629854;-0.605523696;-0.529067406;-0.490340203;-0.760209094;-0.741386749;-0.590003455;-0.913655296;-0.615467325;-0.69735536;-0.667751066;-0.6862271;-0.664190113;-0.70135696
CAO_593;0.026575891;0.094930672;0.128758339;0.064791021;0.54784454;0.23401604;-0.696886;-0.24535528;-1.2484518;-1.16087142;0.0597146;0.28125828;-0.98151909;-1.15627874;-2.589786785;-0.019463278;0.37722821;-0.33829015;-0.211893153;0.270557811;-0.11777838;-1.358668145;-0.89350067;0.414220428;1.11260549;-0.0397176;-0.14500268;-0.946206196;-0.76508127;-0.8192985;-1.3449121;0.36939566;-0.36019849;-0.47205732;-0.018039914;-0.5223454;0.6701428;-0.4657634;-0.405518801;-1.95801685;-0.04105529;-0.9628838;-0.52128053;0.33204662;0.3869922;0.407990535;0.50442624;0.159281532;-0.41300885;0.36618536;1.048572;1.1994443;0.85462521;0.017211661;-0.404861682;-0.25744311;-0.21954287;0.98177454;0.90671143;0.30777987;0.055097356;0.17057865;1.09304236;0.65621941;0.07676276;0.365967405;0.221216109;-1.4111579;0.293954838;0.511203599;-0.62889;1.845325179;0.37030326;0.08842383;0.142162735;0.30905056;0.26669928;0.33486383;0.06035813;-0.080683983;0.11574975;0.256914288;0.31036226;0.01071633;0.48972226;-0.138265671;0.0324376;0.05932004;0.186888034;0.33375875;0.392864425;0.149722865;0.427765176;0.232327038;0.30787475;0.06212392;0.285294211;0.25489862;0.112407714;0.020461553;0.2572912;0.233247825;-0.27319875;-0.218937495;0.144706175;0.05745638;-0.255167688;0.08010543;-0.23233651;0.07071605;-0.19200393;0.04270049;0.430417923;0.314732504;0.225203222;0.022902047;0.085672115;0.036863498;0.183208561;-0.031568987;0.18591501;0.114260629;0.02025012;0.092750761;-0.0786465
CAO_594;-0.158822606;-0.133549753;-0.182536533;-0.197757901;0.59200315;0.38095286;-0.23919648;0.66193272;-0.77271939;-0.08561409;0.04475748;0.35083163;-1.20125316;-1.31070291;-0.428563551;-0.07381048;-0.70991495;0.54200964;-0.088326214;-0.180387329;0.06699186;-1.538475117;-1.04691867;0.693030385;-0.0738846;-1.81440289;-0.31533875;-1.116601984;-0.93727797;-0.9720308;0.09174769;-0.29427739;-0.28086216;-0.6571498;-0.209355257;0.7884329;-1.0101984;0.3040919;-0.57470287;-0.63910811;-0.7481343;-1.121855;-0.69854779;0.52461924;0.7046722;0.291977463;0.38006455;1.263802069;-0.58622938;-0.85650018;1.323453;1.45616811;0.80325638;-0.125151895;0.071113618;0.56339099;0.558590371;0.74319827;0.72929797;0.27792386;0.837736206;0.31759957;-0.75111306;-0.8421072;-1.79091247;0.504154092;0.391574701;-1.5750446;0.34719226;0.333906245;-0.8001975;0.770401975;0.39995731;-0.02410326;0.251174881;0.41985665;0.21912243;0.35586476;0.3340103;0.119273394;0.23843198;0.39078515;0.34208165;-0.44717555;0.3850614;-0.199556496;-0.22628905;-0.7334378;-0.143955219;0.427342012;-0.1429068;0.411693704;0.001441685;0.36471098;0.20172967;0.37842216;0.18937207;0.03115506;0.209682164;0.303127719;0.297049511;-0.040811387;-0.75013463;-0.236891979;0.152993017;-0.43178093;-0.050684029;-0.18302088;-0.07607814;0.21417852;-0.17493597;-0.159761432;-0.149365376;0.023155772;-0.571540232;0.136915668;-0.064305633;-0.315797191;0.172115386;-0.272480546;-0.21669926;-0.296772408;-0.3286896;-0.235724744;-0.24908469
SUB_108;0.32562593;0.14170369;0.122278924;0.454300044;0.04457237;1.08977875;-0.92829669;-0.02828143;0.01005387;-0.73066175;0.86511596;-2.06735871;-0.3296671;-1.35828503;-1.017798902;-0.770674532;-0.47691833;-0.41776514;-2.0932283;-0.589723353;0.09490666;0.110343974;1.36703945;-1.045379671;-0.66865722;-0.11088945;-0.27461262;0.420330208;-0.99034659;-1.0190941;-0.20446265;-0.06345932;-1.46084568;-0.71419037;-1.931488306;-0.7434276;0.8043773;-0.6831012;-0.626834665;-0.19994402;2.99047146;-0.6004989;0.65395349;-1.4292773;-0.7381452;0.630537608;0.4939472;-0.820264796;-0.63960807;-0.90394258;-1.044538;-0.17433558;1.04812733;-0.044262655;0.175120417;1.40788849;1.509814803;0.59124943;0.4965453;0.89112575;1.609714356;0.04036322;-0.24744828;-0.52542701;-0.33545254;0.241564086;-0.015908608;-1.6255525;-0.129825324;-0.046258303;-0.8529922;0.514144824;-0.06474963;-0.11218313;0.05516353;-0.03314577;0.144380423;0.00782678;0.11918371;0.432535468;-0.22508425;0.284574337;0.20879693;-0.33222832;0.03792195;-0.373142771;-0.10037139;-0.17631219;-0.345566568;0.030994546;-0.266390606;0.124967848;-0.106500425;0.312761623;-0.13081775;-0.16118754;-0.002022442;-0.09010293;-0.197287314;-0.029975348;0.28607588;-0.033726069;-0.21311672;-0.642578945;0.203547425;-0.23402856;-0.381013093;-0.21270762;-0.02678866;0.35210255;-0.13613241;-0.407025937;-0.217508993;-0.282301989;-0.363494137;0.300906802;-0.130360381;0.029999072;0.333330781;0.066270914;0.10025762;0.179588565;0.53678497;0.841327214;0.97984402
SUB_111;-0.843816266;-0.557672724;-0.674602574;-0.597541584;-0.51814148;-1.83021794;-1.20411523;-0.59220799;-1.7756835;-0.78790856;-1.99005174;-0.33400834;-1.6115954;-1.59884662;-3.193284164;-1.26564286;-1.65788019;-0.17314652;-2.463837286;-2.0381492;-1.42978424;-0.904124829;-1.33339653;-0.608580853;-1.28149374;-0.54323187;-1.55267404;0.570508545;-1.25882878;-1.2570757;-1.83651633;-0.20352411;-0.25431199;-1.00272557;-1.577612989;-1.0069267;-0.4431535;-0.9419731;-0.890429172;0.7248713;-1.03591642;-1.4185217;-1.029502;-1.7065844;-0.9958402;1.290862222;1.35645128;-1.0738481;-0.90956239;-1.14381681;-1.2701164;-0.10480736;1.61515717;-1.125419928;-1.383716588;2.09659769;1.998930532;-1.34993266;-0.03503832;0.51329152;2.027060757;-0.83588071;-0.67362826;0.23394992;0.71795461;-0.28388867;-0.565340075;0.5123474;-0.595120024;0.095974556;-1.1200927;-0.032329966;-0.5234213;-0.60261746;0.470146186;-0.59437737;0.43241221;-0.68701435;-0.64579105;0.89861254;-0.54736368;0.241436298;-2.90440899;-1.1596048;-0.67589235;-0.688916812;-0.82415946;-0.93408493;-0.315617931;0.003285192;-0.040042275;-0.713748466;-0.643885783;0.775670268;-0.58752509;0.71782775;-0.079657823;0.67328934;-0.346993558;-0.285443693;0.709818615;-0.234066752;-0.66102204;-0.63761295;0.97485499;-0.99242504;-0.732707084;-0.82177132;-0.69466163;1.26503968;-0.68627992;-0.349558328;-0.550620136;-0.207460767;-0.404795454;-0.373016071;-0.28165134;-0.103094243;-0.158451312;0.019469492;0.06874785;0.44309568;0.71135075;1.048683385;1.28781072
